영어,한글
Collude,"결탁, 공모하다"
Yokel,"시골뜨기, 촌뜨기"
Dormant,활동이 없는;동면 기에 있는;잠재적인
Integrate,통합하다
Confident,확신하는
Furtive,은밀한
Sumptuous,"호화로운, 사치스러운, 비싸보이는"
Downgrade,강등시키다
Disinfect,살균 소독하다
Ensconce,"안전한 곳에 두다, 감추다, 숨기다 ;(몸)편히 앉히다"
Camaraderie,"우정, 동지애"
Probity,"정직, 청렴"
Rustic,"전원적인, 시골의"
Onset,시작
Sybarite,쾌락주의자
Unorthodox,이단적인
Raconteur,이야기를 재미있게 잘하는 사람
Nugatory,"증요하지 않은,하찮은"
Infraction,"(법률, 약속) 위반"
Corrective,"교정하는, 올바르게 하는"
Extricate,"(위험, 곤란에서) 벗어나게 하다, 구해내다, 빼내주다"
Elaborate,"복잡한, 정교한"
Shiftless,야망이나 목적의식이 없는; 게으른
Salutary,유익한
Gaudy,"(옷,장식)지나치게 화려한, 야한"
Headstrong,고집센
Desecrate,신성을 모독하다
Benignant,"친절한, 다정한, 유익한"
Regression,"회귀, 복귀"
Prescribe,"규정, 명령, 처방하다"
Clumsy,"서툰, 어색한; 다루기 힘든, 어려운"
Exhume,"(매장된 것, 시신) 파내다"
Euphoria,(강한)행복감
Invincible,"이길 수 없는, 무적의"
Canonical,"권위로 인정된, 정통의"
Furrow,"홈을 파다; 골, 밭고랑"
Kindred,"동종의, 관련된"
Epilogue,"끝맺음말, 에필로그"
Insipid,"맛없는; 재미없는, 생기없는, 지루한"
Elongate,"(길이)늘이다, 연장하다"
Antidote,해독제
Meander,"정처 없이 거닐다, (강)굽이굽이 흐르다"
Foliage,(집합명사) 잎
Savory,맛 좋은
Firm,"(태도, 마음) 확고한, 굳은"
Undignified,"위엄없는, 품위없는"
Ignite,"불 붙이다, 자극하다"
Barren,"열매 맺지 않는,수확이 없는"
Pulverize,분쇄하다
Precedent,선례
Seamy,"도덕적으로 낮은, 천한"
Grievous,"심각한,중대한,슬픈"
Frivolous,"(태도가) 가벼운, 경박한; 하찮은"
Placebo,위약
Inflate,"부풀게 하다, 확장시키다, 팽창시키다"
Hybrid,잡종의
Sophomoric,아는 척하지만 아직 미성숙한
Careworn,걱정(고생)으로 초췌한
Covert,"숨겨진, 비밀의, 은연중의"
Gavel,"(의장,판사,경매인의)작은 망치,의사봉"
Scrupulous,"양심적인; 세심한, 꼼꼼한, 면밀한"
Heretic,"(일반적인 믿음)따르지 않는 사람, 이단자"
Waffle,(알맹이 없이) 장황하게 말을 늘어놓다
Mawkish,매우 감상적인
Epicenter,"(지진) 진앙, 진원지 ; 중심점"
Mulish,고집스런
Harmony,"화음, 조화"
Illegible,"읽을 수 없는, 해독 불가한"
Trespass,"(종교)죄,위반,부정; 불법침해, 불법침입; 죄를 범하다; 침해하다, 침입하다"
Rural,"시골의, 전원의"
Haunteur(Haughtiness),"오만함, 거만함"
Inanimate,살아있지 않은 생명이 없는
Denude,벌거벗기다
Petty,"안 중요한,덜 중요한,사소한,하찮은"
Finch,되새류과의 새
Lassitude,무기력
Intrepid,"겁 없는, 대담한"
Vagary,"변덕스런 행동, 엉뚱한 짓, 변덕"
Boggle,"깜짝 놀라게 하다, 압도하다;깜짝 놀라다, 움찔하다"
Decry,공개적으로 비난하다
Moment,중요성
Journal,"일기, 일지; 신문, 잡지"
Balm,"향유,(피부,마음)진정제"
Enfeeble,약화시키다
Draconian,"가혹한, 아주 엄격한"
Grumble,투덜거리다
Ameliorate,"개선하다,개량하다"
Arbiter,중재자;판정권자
Adept,솜씨 좋은
Brook,(반대의견) 참고 받아들이다
Flamboyant,"눈부신, 화려한, 현란한"
Gregarious,사교적인
Prolific,다산의; 비옥한; 다작의
Shackle,족쇄를 채우다
Rhapsodize,열광적으로 이야기하다
Monarch,군주
Immune,면역의; 면제된
Decant,(포도주 등) 조심스럽게/가만히 따르다
Abdicate,"(절대군주,고위공직자)사퇴하다,사임하다; (지위,권한,의무)포기하다,버리다"
Unheralded,"널리 알려지지 않은, 무명의, 뜻밖의"
Overbearing,"횡포한,고압적인,거만한;압도적인"
Threadbare,옷이 해어지고 낡은; 진부한
Dramatic,"극적인, 인상적인"
Bedecked,"치장된, 장식된"
Majestic,"위엄한, 당당한, 장엄한"
Discernment,"인식력, 분별력, 판단력"
Terse,간결한
Escalate,"증대시키다, 고조되다"
Virtuous,"덕이 높은, 미덕이 있는"
Tranquility,"고요, 평안"
Domicile,"거주지, 집"
Maculate,"반점이 있는, 더러워진;반점을 찍다, 더럽히다"
Credence,"신용, 신임"
Impeachable,"탄핵을 받을 만한, 비난 받을 만한"
Pedestrian,"평범한,진부한"
Cultivate,"재배하다,기르다,양성하다"
Dupe,속이다
Withered,"쭈글쭈글한,쇠약한,시든"
Waft,(공중에서 부드럽게)퍼지다
Gainsay,"반박하다,부인하다,반대하다"
Amble,천천히 걷다
Irrefutable,논박할 수 없는
Titanic,거대한
Deracinate,뿌리째 뽑아버리다; 근절하다
Veneer,"합판, 화장판"
Preposterous,"비상식적인, 터무니없는"
Halcyon,"평온한,평화로운"
Chimera,"가공의 괴물, 가상"
Instable,불안정한
Aqueous,"물의,수성의,물을 함유한"
Triptych,"3매가 이어진 제단 그림, (미술,문학,음악의)3연작, 삼부작"
Fetter,"족쇄를 채우다, 구속하다"
Impolitic,"지각 없는, 무분별한, 현명치 못한"
Jaunty,"경쾌한, 활발한"
Finale,"공연의 마지막, 대미"
Husky,(소리가)거친; 건장한
Feeble,허약한
Estrange,(관계) 소원하게 하다
Luminary,"선각자, 권위자, 유명인"
Champion,"옹호하다, 지지하다"
Lurid,"무시무시한;(색깔)매우 밝은, 선정적인"
Spur,"박차를 가하다, 독려하다, 자극하다"
Agile,민첩한
Craving,"갈망, 열망"
Pendulum,시계추
Commensurate,"동등한, 같은 크기의, 균형 잡힌, 비례된"
Harbor,"피난처를 제공하다, 숨겨주다"
Incontrovertible,"(논쟁, 의문) 여지가 없는"
Fruition,"성취, 실현, 달성; 성취의 순간"
Peregrination,방랑
Galvanize,전기자극을 주다;자극하다
Agonize,"(심적으로) 괴로워하다,번민하다;괴롭히다"
Infuse,"가득 채우다, 주입하다"
Scrimp,"매우 아끼다, 인색하게 굴다"
Curmudgeon,심술궂은 사람
Novice,초보자
Anterior,이전의
Inch,천천히 움직이다
Posture,과장되고 부자연스런 포즈를 취하다
Accidental,"우연의, 뜻밖의; 불변의"
Veracity,"진실성, 정확성"
Rabid,"과격한, 광신적인, 맹렬한"
Knoll ,작은 언덕
Impeccable,"결함 없는, 완벽한"
Flagrant,"극악한, 악명 높은"
Bifurcate,"두 갈래로 가르다, 분기하다"
Corpulent,"살찐, 뚱뚱한"
Pernicious,해로운
Intimidate,위협하다
Obliterate,"완전 제거하다,지우다"
Plaintive,"슬픈, 불쌍한, 애처로운"
Onerous,"힘든,성가신,귀찮은"
Rambunctious,"떠들석한, 사납게 날뛰는"
Ballad,"담시,노래"
Rude,"미개한, 교양 없는;건장한;거친,가공하지 않은, 조잡한"
Nitpick,트집잡다
Glaring,"눈부시게 빛나는; (색) 지나치게 야한; 눈에 띄는, 뻔한"
Politic,"현명한, 분별력 있는"
Displace,"(위치)옮기다, 바꾸다; 강제 이주시키다"
Profuse,"많은, 풍부한; 낭비하는"
Engrossed,몰두한
Nuance,"미묘한 차이,음영"
Outstanding,뛰어난
Lettered,"박식한, 교육받은"
Flourish,번성하다
Immerse,"푹 담그다; 열중, 몰두시키다"
Imperturbability,"침착, 차분, 평정"
Mute,소리 없는
Discompose,"마음을 불안케 하다, 마음의 평정을 빼앗다"
Garish,지나치게 화려한
Devitalize,"활력을 빼앗다, 약화시키다"
Commodious,"넓은, 널찍한"
Matchless,"적수가 없는, 대단한"
Incorrigible,"고집불통의, 구제불능의"
Opprobrium,"불명예, 비난"
Exuberant,"열의에 찬, 열광적인, 원기 왕성한, 활력적인"
Abnormal,비정상적인
Feasible,실행 가능한
Excoriate,심하게 비난하다
Blunt,"직설적인, 무뚝뚝한, 퉁명스런; (칼이나 연필)뭉퉁하고 무딘; 날카롭지 않게 만들다"
Ancillary,"부속의,보조의"
Vehement,"격렬한, 열정적인"
Jolt,"(갑자기, 난폭하게) 흔들다, 마구 흔들다"
Ascetic,금욕주의자
Dispirit,"(열정, 사기, 희망 등을)잃게 하다"
Begrudge,시샘하다; 억지로 주다
Unassuming,"겸손한, 허세부리지 않는"
Indict,기소하다
Opacity,불투명 성
Apostate,변절자;변절하는
Wayward,"통제할 수 없는, (행동이) 어디로 튈지 모르는 "
Incursion,침입
Inaugurate,"시작하다, 취임시키다"
Despondent,"낙심한, 풀죽은"
Deride,조롱하다
Emollient,"피부연화제, 완화제"
Forceful,강력한
Stolid,"둔감한, 무감한"
Opportune,"(시기, 시간) 적절한"
Esoteric,"난해한, 소수만 아는"
Macabre,"으스스한, 소름 끼치는"
Slake,"갈증을 해소하다, 만족시키다"
Flabby,"살이 축 늘어진, 허약한"
Lissome,"유연한, 우아한"
Execrate,"혐오하다, 비난하다"
Ethereal,"천상의, 영적인; 가볍고 섬세한"
Muffle,소음(消音)시키다
Bumptious,"거만한, 오만한, 지나치게 자기주장이 강한 "
Adulate,심하게 아부하다
Rash,"무모한, 서두르는, 성급한"
Ebullient,"쾌활한, 활력 있는;비등하는"
Porous,"다공성의, (기체, 액체) 쉽게 통과하는; 침투하기 쉬운"
Confluence,"합류, 집합, 모임"
Trenchant,"(표현이)신랄한, 날카로운; 명쾌한, 효과적인"
Incogitant,사려 없는 분별없는 경솔한
Tentative,임시적인
Pontificate,오만하고 독단적으로 말하다
Shadowy,"그림자 드리워진, 희미한, 애매한"
Incoherent,(말 글)조리가 없는
Argot,은어
Peerless,"최고의,적수가 없는"
Heyday,전성기
Full-Fledged,"완전한, 성숙한"
Euphemism,완곡어법
Aberrant,"정도를 벗어난,비정상의,변종의"
Preface,"서론, 머리말"
Mediate,"(평화,협정)성립시키다, (논쟁,쟁의)조정하다, 중재하다"
Obtuse,"둔한,이해가 매우 느린;뭉텅한,둔한"
Carpentry,목수일
Potable,마시기에 적당한
Dashing,"화려한, 멋진, 세련된"
Banister,(계단 옆)난간
Frugal,"검소한, 절약하는"
Impassionate,열정적인
Bungalow,벙갈로
Everlasting,"영원히, 영속적인"
Fascinate,매료시키다
Queue,"(차, 사람) 줄, 대기행렬"
Disclosure,폭로
Sedulous,"근면 성실한, 주의 깊고 부지런한"
Contrite,뉘우치는
Recluse,은둔자
Bustle,"활기, 붐빔, 소란스러움; 활기차게 돌아다니다, 부산스럽게 돌아다니다"
Gratify,만족시키다
Luxurious,사치스런;호사스런
Consonance,"일치, 조화, 화음"
Dole,"슬픔,고통"
Thunderous,"우레 같은, 열렬한, 강렬한"
Gibe,조롱(하다)
Drivel,허튼 소리
Debut,"(경력의)처음시작, 데뷔"
Masterful,"명인 솜씨의, 대가의, 훌륭한"
Bibliophile,애서가
Stench,악취
Unabashed,"당황하지 않은, 부끄럼없는"
Arrhythemic,"리듬이 없는, 규칙성이나 반복이 없는"
Saturated,"흠뻑 젖은, 포화상태의"
Fustian,과장되고 허풍 떠는 (말이나 글)
Unwieldy,다루기 힘든; 성가시고 어려운
Circuity,"우회, 돌아가기"
Mint,"대량, 다량; 화폐주조 소, 조폐국"
Partisan,열렬한 지지자
Entrammel,"얽히게 하다, 구속하다, 방해하다"
Tiresome,"지루하게 하는, 짜능나게 하는"
Irreproachable,"비난의 여지가 없는, 흠잡을 데 없는"
Hasten,서두르다
Cacophony,불협화음
Glimmer,희미하게 빛나다
Unaffected,"꾸임 없는, 가장 없는, 허세부리지 않는"
Permissiveness,"관대함,허용적인"
Rebut,"반박, 논박하다"
Pittance,"아주 적은 용돈, 수당, 보상"
Fit,적당한
Monopolize,독점하다
Remunerate,"보답하다, 보수를 지불하다"
Repel,물리치다;불쾌감을 주다
Accrue,"(증가,첨가에 의해서) 생기다"
Misfortune,불운;불행한 일
Anonymous,"무명의,익명의"
Rend,(잡아)찢다
Pat,"적절한,능숙한;연습한 것처럼/외운 것처럼 딱 맞는"
Dissemble,가장하다
Alibi,부재증명
Conform,"(규칙, 관습) 따르다, 순응하다, 지키다"
Turmoil,"소란, 혼란, 불안, 동요"
Semblance,"유사, 비슷한 것"
Debris,"파편, 잔해, 부스러기"
Blithe,"경솔한, 부주의한;명랑한, 쾌활한"
Reliable,믿을만한
Recess,쉬는 시간;휴식기간;활동의 임시적 중단
Skeptic,"의심하는 사람, 회의주의자"
Magnanimity,"도량, 관대함"
Grove,"작은 숲, 과수원"
Mutate,"변화하다,변화시키다"
Coherent,"일관성 있는, 논리적인"
Subtle,"미묘한, 분석이나 설명이 힘든, 복잡한"
Homogeneous,"동종의, 균질의, 비슷한"
Incendiary,방화범; 선동가
Penetrating,"직관력이 있는,통찰력 있는, 현명한"
Gaunt,"수척해진, 쇠약해진"
Subvert,전복시키다
Instill,(점차적으로)주입하다
Cabal,"정치적 음모단, 비밀결사, 파벌"
Elective,선출의;선출권이 있는;선택적인
Incontestable,"논의의 여지가 없는, 명백한"
Provoke,자극하다; 화나게 하다
Choreographer,안무가
Hearten,"용기를 주다, 확신을 주다"
Captious,"트집잡는, 반대하는 "
Croon,낮은 목소리로 부드럽게 노래하다
Retainer,수행원
Demure,"얌전한, 조신한"
Unassailable,"공격할 수 없는, 논박할 수 없는"
Frenetic,"광란의, 지나치게 열광적인"
Instrumentalist,악기 연주자
Prognostication,예언
Bolster,"지탱하다, 지지하다, 강화하다"
Absurd,"비상식적인, 터무니없는"
Clause,문장의 절
Avarice,탐욕
Standard,표준의
Sage,"현인, 현자"
Intricate,"복잡한, 얽힌"
Soothing,진정시키는
Connoisseur,"미술품 전문가, 권위자"
Residual,나머지의
Grandiloquent,"과장된, 허풍떠는"
Fastness,"요새, 안전한 곳; 고정; 신속"
Drudgery,허드렛일
Chasten,"훈육하다, (마음을)정화시키다, 겸손하게 하다, 억제하다"
Refuse,쓰레기
Inalienable,"떼어놓을 수 없는, 소외시킬수 없는; 양도할 수 없는"
Calibrate,"눈금을 매기다, 눈금을 정확히 조정하다"
Foot-Dragging,"지체, 더딤, 주저"
Unflappable,침착한
Flee,"도망가다; 빠르게 지나가다, 사라지다"
Inconsistent,일치하지 않는; 일관성없는; 모순적인
Troupe,(순회 공연하는)배우 일단
Era,"시대, (특정적인)시기, 연대"
Evict,"퇴거시키다, 내쫓다"
Rebel,"반항하다, 반란을 일으키다"
Bubble,"엉터리짓하다, 비틀거리다"
Range,산맥
Havoc,"대파괴, 황폐, 대혼란"
Volume,(정기간행물의) 책 권; 소리의 크기; 부피
Stickler,끝까지 주장하는 사람; 당황스럽고 어려운 것
Maverick,독불장군
Renege,"약속을 이행하지 못하다;(약속, 계약) 폐기시키다"
Plummet,수직으로 떨어지다
Bane,고통의 근원;맹독
Latent,잠재성의
Pester,"괴롭히다, 조르다"
Acquiesce,묵묵히 받아들이다
Salubrious,"건강에 좋은, 유익한;건강한"
Desiccate,건조시키다 
Credible,믿을만한
Palter,"둘러대다,얼버무리다,속이다"
Salute,"(예의 바른)인사, 몸짓, 경례"
Insalubrious,몸에 해로운
Redoubtable,(적)두렵고 존경스러운;가공할만한
Sinister,"불길한, 해를 입힐 것 같은; 사악한"
Abase,"(품위, 지위) 강등시키다"
Modicum,소량
Reminisce,회상하다
Vaccinate,예방 접종하다
Indulge,탐닉하다; 관대히 대하다
Revere,깊이 존경하다
Corroborate,"증명하다, 확증하다"
Encompass,"둘러싸다, 포위하다, 포함하다"
Investigate,조사하다
Mite,"작은 동물, 어린이; 작지만 정성어린 기부금"
Greed,탐욕
Broaden,"확장시키다, 확장되다"
Versed,"경험이 있는, 잘 알고 있는"
Verdant,"초목이 무성한; 경험적은, 미숙한"
Rant,"호언장담, 과장된 말; 고함치다, 고래고래 소리치다"
Percipient,"지각하는,감지하는,통찰력 있는"
Indecipherable,판독이 불가능한; 이해할 수 없는
Sacrilegious,신성을 더럽히는
Court,"호의를 얻으려 하다, 구애하다"
Glutton,"식신, 식탐이 강한 사람"
Bugle,군대 나팔
Dispassionate,"감정에 휘둘리지 않는, 냉정한;편견 없는, 공평한"
Homily,설교;지루한 도덕적 훈계
Transition,"변화, 전이"
Empathetic,감정이입의
Matter-Of-Fact,"현실적인, 실질적인"
Arbitrary,"임의의, 제먹대로의, 자유재량의"
Skulk,살금살금 움직이다
Maudlin,"지나치게 감상적인, 취하면 우는"
Tourniquet,지혈장치; 지혈용압박대
Preen,"치장하다, 자기만족을 드러내다"
Fulmination,심한 비난
Deprecate,비난하다; 반대하다
Fragile,"약한, 부서지기 쉬운"
Rein,"억제하다, 멈추다"
Allay,"(두려움,의심,염려) 가라앉히다,(고통) 완화시키다"
Inexorable,"설득할 수 없는, 막을 수 없는, 무자비한, 가차없는, 냉혹한"
Exacting,정확한;엄격한
Compliant,순응하는
Jocular,"익살맞은, 떠드는, 까부는"
Apex,최고점
Arrest,진행을 막다;눈길을 끌다
Raffish,"저속한, 저급한, 자유분방한"
Harangue,"장광설;비난,질책;장광설을 늘어놓다;비난하다,질책하다"
Forte,(칼날 중간과 칼자루 사이) 강한부분
Recuperative,(건강)회복시켜주는
Sublime,숭고한
Adulterate,"불순물을 섞다,(불순물을 섞어)순도/품질을 떨어뜨리다"
Lapse,"일시적인 쇠퇴, 일탈; 잘못, 과실; (시간의) 경과, 기간"
Eponymous,Err:509
Irradicable,제거할 수 없는
Solitude,"혼자 있음, 외로움"
Celerity,신속함
Ladle,국자
Quibble,"사소한 반대, 트집잡기; 사소한 문제에 트집잡다, 논의의 주제를 회피하다"
Delude,속이다
Ire,"화, 분노; 화나게 하다"
Irrational,"이성이 없는, 불합리의, 무리한"
Puerile,유치한
Empirical,경험적인
Flock,"떼로 모이다, 움직이다."
Fingerprint,지문
Rudimentary,"미발달의, 미성숙의;기본적인"
Raft,부대(floating platform); 뗏목
Dissect,(표본)해부하다
Slothful,게으른
Lull,"일시적 잠잠함, 잠시 중단, 소강상태;달래다, 어르다, 재우다"
Smattering,피상적인 지식; 적은 양
Vim,"정력, 활기, 열정"
Valorize,"정가를 정하다, 시가를 유지하다"
Slither,(뱀처럼)스스르 꿈틀거리며 나아가다
Trail,(흔적을)따라가다
Hubris,"지나친 자신감, 오만함"
Bromide,진부하고 상투적인 말
Pitfall,"함정,도사린 위험"
Watt,전력의 단위
Marvel,놀라운 것
Cower,두려워 움츠리다
Primordial,"원시의, 태고의, 옛날의"
Obsequious,아부하는
Insentient,"무감각한, 비정한, 생명 없는"
Banal,진부한
Ailing,아픈
Pundit,"권위자, (미디어에 출연해서 의견을 말하는) 전문가"
Predecessor,"선구자, 선행하는 것"
Ribald,"무례한, 음담패설을 해대는"
Pervasive,널리 퍼져있는
Perfidy,"배신,속임"
Ungovernable,통제나 지배가 불가능한
Facilitate,용이하게 하다
Psuedonym,(작가) 필명
Striate,홈을 파다
Enraptured,기뻐서 어쩔 줄 모르는
Carefree,"걱정근심 없는, 속편한"
Rankle,화나게 하다
Qualm,"불안, 걱정, 불편한 마음; 양심의 가책"
Feral,"야생의, 야생으로 돌아간"
Refute,논박하다
Wilderness,"광야,황무지"
Ostensible,"표면상의,겉보기만의;명백한,명료한"
Decrepit,나이 들어 쇠약해진; 오래되어 못쓰게 된
Stagnant,(물이) 흐르지 않고 고여있는
Incipient,"시작단계의, 초기의, 발단의"
Verve,힘과 열정
Obedient,"순종적인,복종을 잘하는"
Disquiet,"불안, 동요, 걱정"
Barrel,"쏜살같이 움직이다,질주하다"
Hieroglyph,(이집트)상형문자
Inept,서투른
Repress,"억압하다, 억제하다"
Cavort,"흥청거리며 탐닉하다, 뛰어다니다"
Exodus,대 탈출
Crux,가장 중요한 점
Obtrusive,눈에 거슬리는
Stentorian,"(소리) 우렁찬, 울리는"
Mishap,불행한 일
Rampant,"(나쁜 것, 불쾌한 것) 만연하는, 횡행하는; (사람, 행동) 사나운, 미쳐 날뛰는"
Succinct,간결한
Occlude,"닫다,가두다,막다"
Beguile,"매혹시키다, 속이다, 기만하다"
Smash,"갑작스럽고 시끄럽게 박살내다, 파괴하다; 격렬하게 충돌하다"
Beatific,"축복을 주는, 행복을 주는 "
Peroration,"끝맺는 말,(연설) 결어"
Connive,공모하다
Thin,"성기게 하다/되다, 묽게 하다/되다, 가늘게 하다/되다"
Irrevocable,"돌이킬 수 없는, 취소할 수 없는"
Crumb,빵 부스러기
Renegade,"배교자,변절자;반역자"
Chord,"코드, 화음"
Sequester,고립시키다
Impromptu,즉흥적인; 즉흥연주
Exalt,"칭송하다, 높이다; 고상하게 하다"
Deleterious,해로운
Shiftiness,"교활함, 속임수, 간사함"
Digit,손가락 또는 발가락
Equable,"침착한, 차분한; 한결같은, 안정된"
Aquatic,"물의,수생의"
Legible,읽을 수/이해할 수 있는
Cajole,감언으로 꼬셔서~하게 하다
Disintegrate,"해체시키다, 해체하다"
Obscure,불명료하게 하다;불명료한;유명하지 않은
Rescind,"폐지, 폐기, 철회하다"
Fiasco,대 실패
Befuddle,혼란스럽게 하다
Obeisant,정중한
Incarcerate,투옥시키다. 감금시키다
Calamitous,"재앙의, 불행한, 비참한"
Salve,연고
Like-Minded,취향이나 의견이 비슷한
Swill,벌컥벌컥 마시다; 물을 넘치게 붓다
Sate,충분히 만족시키다
Tantamount,"비슷한, 동등한"
Temperance,"자제, 절제"
Refrigerant,냉각하는
Vivify,"생기를 주다, 기운 차리게 하다"
Fabricate,"만들어내다, 꾸며내다; 제조하다, 조립하다"
Evasive,"회피하는, 솔직하지 않은"
Frenzy,"광란, 열광"
Saintliness,거룩함
Dubious,"의심하는, 의심스러운"
Paean,"찬가,승전가"
Quarrelsome,싸움하기 좋아하는
Exemption,면제
Philanthropist,"박애주의자,자선가"
Replete,"충분한, 가득한"
Trial,"(사실,법률 문제의)심리, 재판, 공판(절차)"
Unseemly,(행동)적절하지 않은
Bauble,겉만 번지르르한 싸구려; 시시한 것
Simulation,"모조품, 가짜; ~인체하기"
Impressionable,(비판력 부족으로) 쉽게 영향을 받는; 감수성이 예민한
Deviate,"이탈하다, 일탈하다"
Virulent,해로운
Substantive,"현실에 기반을 둔, 중요한, 의미 있는"
Gallant,"용감한; 정중한,기사도적인"
Knead,반죽하다
Float,부유하다
Domineering,"오만한, 폭군적인"
Impenitent,뉘우치지 않는
Hygiene,위생
Abash,"당황하게 하다, 부끄럽게 하다"
Garnish,장식하다
Frantic,"광란의, 정신 없는, 미쳐 날뛰는"
Numberless,셀 수 없이 많은
Crotchety,"화잘내는, 까다로운"
Hem,둘러대다; 제한하다
Unabated,"(세력, 활기 등) 줄어들지 않는"
Disgruntle(D),"화난, 불만족한"
Deter,단념시키다
Vitriol,독설
Invective,"욕설, 모욕적인 말"
Palpable,"촉각으로 느낄 수 있는;명백한,뚜렷한"
Shrewdness,"예리함, 날카로움, 명민함"
Debauchery,"방탕, 환락생활"
Vain,헛된; 허영심 강한
Gawky,"서투른, 어색한, 얼빠진"
Translucent,"반투명인; 명쾌한; 맑은, 투명한"
Yielding,고분고분한
Upbraid,"(몹시) 나무라다, 비난하다"
Vial,"(유리로 된) 작은 병, 약병"
Reinforce,강화시키다
Voracious,"식욕이 왕성한,게걸스러운"
Realized,현실화된
Vagabond,방랑하는; 방랑자
Revulsion,"역겨움, 혐오감"
Impudent,"무례한, 불손한, 건방진"
Virtuoso,"명인, 대가"
Stamina,"지구력, 체력"
Dither,"마음이 오락가락하다, 불안, 초조"
Affront,(면전에서) 모욕(하다)
Concise,간략한
Pertinent,"관련된,적절한"
Covetous,"탐내는, 갈망하는"
Evoke,(감정) 불러일으키다; (반응) 이끌어내다
Inconspicuous,명확히 보이지 않는
Spent,"(힘, 에너지) 소진된"
Patent,"명백한,눈에 띄는"
Specious,"허울좋은, 겉만 번드르르한, 실제로는 잘못된"
Fastidious,"꼼꼼한, 까다로운"
Plausible,그럴듯한
Limp,절뚝거리다
Pejorative,"경멸적인,비난적인"
Fraught,"가득한, (정신) 괴로워하는"
Efface,"삭제하다, 지워 없애다;눈에 띄지 않게 행동하다"
Acclimate,"(새로운 환경에) 적응시키다,적응하다"
Dislocate,"(관절)탈구시키다;위치를 바꾸다,뒤죽박죽으로 만들다, 교란시키다"
Provincial,"지방색의, 촌스러운, 세련되지 못한;시야가 좁은, 편협한"
Self-Abasement,자기비하
Abject,"(생활,상태,태도,기분) 비참한"
Imbibe,"(술, 물) 마시다, 흡수하다; (지식, 정보) 학습하다"
Hirsute,털이 많은
Jocose,"익살맞은, 웃기는"
Amnesia,건망증
Repute,"~라고 믿다,간주하다;평판"
Fathom,헤아리다; 수심을 재다
Heavy-Handed,"서투른,솜씨없는; 고압적인,포악한"
Trivial,사소한
Minute,"(요리)즉석으로 만든;미세한, 상세한"
Slapdash,소홀하게 허둥지둥 이루어진
Triad,"3인조, 3개한벌"
Resentful,"분개한, 화를 잘 내는"
Eclipse,"일식;명예, 권위 등을 실추시키다;명성의 상실, 권위의 추락"
Venial,"(죄, 잘못) 사소한, 용서받을만한"
Faultfinding,트집잡기
Adhesive,"접착성의,끈적끈적한"
Plot,"음모; (극, 이야기) 구성, 플롯"
Unctuous,(사람이)지나치게 아부하는; (물질이)미끈미끈한
Inconsiderable,"(양)적은,(크기)작은; 사소한"
Nether,"아래의,밑의"
Exploit,"위업, 업적; 이용하다, 착취하다"
Tortuous,"구불구불한; 에두르는, 솔직하지 못한"
Mendacious,거짓말하는
Interloper,"남의 일에 참견하는 사람; (남의 영역, 상황, 활동에) 끼어드는 사람"
Encomium,"찬사, 칭찬하는 말"
Votary,"열렬한 추종자,신봉자"
Awning,차양
Integral,"불가결한, 필수의"
Arcane,"불가사의한,신비한"
Testy,"조급한, 쉽게 화내는"
Zone,지역을 분할하다
Issue,"나오다, 흘러나오다; 방출하다, 지급하다; 발표하다"
Diffuse,"퍼뜨리다, 확산시키다"
Affectation,"가장,꾸미는 태도,허세 부림"
Aspersion,비방
Contempt,"경멸, 멸시"
Soporific,"수면성의, 잠이 오게 하는; 졸리는"
Barb,신랄한 비난
Growl,으르렁거리다
Inveterate,만성적인
Tactile,촉각의
Dilute,"묽게 하다, 약화시키다"
Entangle,"뒤엉키게 하다, 복잡하게 만들다"
Personable,"잘생긴, 매력적인"
Yawn,하품하다
Exemplar,"전형, 모범"
Tarnish,"광택을 잃다, 더럽히다"
Recalcitrant,"권위에 저항하는, 다루기 힘든"
Unwitting,"무의식적인, 고의적이 아닌"
Terrestrial,"지구의, 세속적인, 땅의"
Concerted,협동/협의에 의한
Strident,"(소리가) 불쾌한, 귀에 거슬리는, 삐걱거리는"
Limerick,5행 희시
Effervescence,"쾌활함, 활기, 기운이 넘침"
Ballast,배의 무게중심
Fitful,"불규칙적인, 발작적인"
Irk,짜증나게 하다; 화나게 하다
Accelerate,가속화하다
Circumscribe,제한하다
Inter,매장하다
Pillory,공개적으로 웃음거리로 만들다
Dismay,"쩔쩔매게 하다, 용기(열정)를 잃게하다; 놀라게 하다"
Tilt,기울다; 기울게 하다
Approximate,근접한
Rile,화나게 하다
Compendious,"요점을 잘 잡은, 간결한"
Respire,호흡하다
Vocal,자유롭게 의견을 표현하는
Default,"의무불이행, 채납"
Oaf,"바보,멍청이,기형아"
Elementary,"초보적인,유치한; 단순한"
Quaff,벌컥벌컥 마시다
Inventory,"재고목록, 품목 일람, 재고조사"
Ham-Handed,"서투른,실수하는"
Dilapidated,낡은
Deterrence,단념시키는 것
Harass,괴롭히다
Cosset,응석을 받아주다
Peep,"(새 새끼,쥐)짧고,부드럽고,높은 음(을 내다)"
Hale,튼튼한
Factious,"당파싸움을 좋아하는, 당파의"
Sneer,"비웃다, 조롱하다, 조소하다"
Observable,"관찰할 수 있는,주목할 만한"
Taut,"팽팽한, 긴장된"
Negligent,태만한;적절한 주의를 기울이지 못하는
Queasy,멀미하는; 멀미 나게 하는
Trite,진부한
Chagrin,"원통함, 분함; 분함을 가지게 하다"
Nimble,"민첩한,영리한"
Pompous,"(태도, 말) 오만한, 거만한, 과장된"
Unswerving,"굳은, 변함없는"
Inkling,"어렴풋이 알고 있음; 넘지시 비침, 암시"
Interim,"중간의, 임시의"
Plumage,(집합 명사)새의 깃털
Inane,"무의미한, 어리석은"
Variegation,얼룩덜룩한
Temper,"누그러뜨리다, 완화시키다"
Overhaul,정밀 점검하다;전면 개보수하다
Aphorism,"금언,격언"
Luxuriant,"무성한, 비옥한,  풍성한"
Collapse,"붕괴하다, 붕괴시키다"
Complacence,자기만족
Harry,"괴롭히다, 못살게 굴다"
Hover,(한군데서)배회하다; (공중에)떠있다
Inauspicious,"불길한, 불리한, 불행한"
Maladroit,"솜씨 없는, 서투른"
Apologist,"변증론자,변론자"
Gruff,"퉁명스런, (목소리)거친, 쉰"
Nepotism,친족주의
Inevitable,"피할 수 없는, 불가피한"
Blandish,"아부하는 말로 설득하다, 꼬드기다"
Lean,"마른; 기울어지다, 기대다"
Immure,"감금하다, 가두다"
Querulous,"징징거리며 불평하는, 불만이 많은"
Clarion,(소리가) 크고 명료한
Bolt,갑자기 도망치다; 볼트로 연결(고정)시키다; 게걸스럽게 먹다
Nibble,"조금씩 물어뜯다,잠식하다"
Inculpate,"혐의를 씌우다, 죄를 씌우다"
Slovenly,"지저분한, 단정치 못한; 되는대로 하는, 날림의"
Transfer,"이전하다, 양도하다"
Achromatic,무색의
Quip,재치 있는 응답; 교묘하게 비꼬는 응답
Skirt,"가장자리에 있다, 인색하게 굴다"
Fidelity,"충성, 정조"
Consternation,"대경실색, 깜짝 놀람"
Crump,오독오독 씹다; 뻥 터지다
Discreet,"신중한, 조심스러운"
Systematic,"체계적인, 계획적이고 조직적인 "
Sprain,"염좌, 삐기"
Tarpaulin,(타르 등을 칠한)방수시트
Agreeable,"상쾌한,기분을 좋게 해주는;동의하는"
Providential,"시기 적절한, 운이 좋은;섭리의, 신의 뜻에 의한"
Gibberish,"이해할 수 없는 헛소리, 너무 전문적이어서 난해한 말, 쓸데없이 허황되고 모호한 말"
Willful,"고집불통의,고의적인"
Haphazard,체계적이지 않은
Perfunctory,성의 없이 되어진
Gait,걸음걸이
Assuage,"달래다,만족시키다"
Nascent,지금 막 생겨난
Orator,"웅변가,대중연설가"
Sagacious,"현명한, 기민한"
Excruciate,"심한 고통을 주다, 괴롭히다"
Creek,"시내, 지류"
Innocuous,무해한
Tenable,"(반대,공격)방어할 수 있는, 견뎌내는"
Throng,"군중, 인파; 많은 수로 모이다"
Celebration,"찬양,칭송,축하; 축하행사, 축하회"
Combustible,"가연성의, 불붙기 쉬운"
Retention,"보존, 보유, 유지;기억력"
Expeditious,신속한
Deadpan,무표정한
Chicanery,속임수
Depravity,"타락,부패,사악"
Loathe,혐오하다
Unkempt,"(외모) 흐트러진, 단정하지 못한"
Arboretum,수목원
Synergy,"공동작업, 협동, 협력작용"
Halting,(말)더듬거리는;막히는
Abound,풍부하다
Prominence,"명성, 중요함"
Ardent,열정적인
Elated,"아주 즐거워하는, 기뻐하는"
Incognizant,모르는 무지한
Infuriate,"몹시 화나게 하다, 분노케 하다"
Bawdy,"외설스런, 음탕한"
Demur,반대하다; 주저하기
Notoriety,(악명으로)유명함
Marsupial,유대목
Watchful,"경계를 서는,조심하는,주의 깊은"
Mendicant,구걸하는;거지
Paramount,"가장 중요한,최고의"
Velocity,속도
Equivocate,애매하게 둘러대다
Inception,"시작, 설립"
Convoluted,"복잡한, 난해한"
Succor,원조하다
Balky,"고집 센,말을 안 듣는"
Precursor,"선구자, 선행하는 것"
Spurious,"가짜의, 허위의"
Stratify,계층화하다
Fortuitous,우연한
Measure,악보한마디;측정하다
Morbid,"병의,병적인"
Hallucination,환각
Emporium,"큰 상점;상업중심지, 시장"
Uninformative,정보를 주지 않는
Solicitous,걱정하는
Palliate,(증상)완화시키다
Scan,시의 운율을 살피다
Lionize,"명사로 대접해주다, 치켜세우다"
Redundant,"잉여의, 불필요한, (말)장황한"
Fledgling,"풋나기(의), 애송이(의)"
Nurture,"양육하다,돌보다"
Insensitive,"(타인에 대해)민감하지 않은, 무신경한"
Aerial,"공기의,공기 중에서 발생하는"
Sordid,"추잡스런, 더러운, 비열한"
Moribund,다 죽어가는;기력 없는
Loquacious,(매우)수다스러운
Saga,"무용담, 영웅이야기"
Homage,존경
Impugn,"의심하다,이의를 제기하다,비난하다,공격하다"
Metaphysical,"형이상학적인, 극히 추상적인"
Grimace,"찡그림;찡그리다(병,고통 등으로)"
Nondescript,뚜렷한 특징이 없는
Malleable,(금속)변형이 잘 되는
Grassy,"풀이 덮인, 풀이 무성한"
Chip,"깨진 (돌, 나무)조각"
Collaboration,"협동,협력"
Scheme,"음모,모의;음모를 꾸미다"
Treasure,"소중히 여기다, 소중히 간직하다"
Nemesis,복수의 화신;강적
Scission,"절단, 분리, 분열"
Utter,"완전한, 절대적인; 말하다"
Boor,무례한 사람
Benevolent,"자비심 많은, 자선을 행하는"
Martinet,"엄격한 규율가, 엄격한 교관"
Lax,"축 늘어진; 엄하지 않은, 관대한, 부주의한"
Retaliate,"(같은 수단으로)보복하다, 복수하다, 앙갚음하다"
Limpid,"(액체)깨끗한, 맑은"
Sunder,분리하다 절단하다
Imminent,임박한
Wistful,"갈망하는,탐내는 듯한;생각에 잠긴,슬픈"
Sequent,"추후의, 나중의"
Mortar,막자 사발
Padding,"(완충이나 소음 예방 목적의)속,심"
Tonic,"힘을 주는, 원기왕성 하게하는"
Voluminous,"부피가 큰, 방대한"
Gust,"(갑자기)획 부는 바람, 돌풍"
Magniloquent,호언 장담하는
Persevere,"인내하다,견디다"
Subsidize,보조금을 지급하며 돕다
Byline,(기사)필자란
Credulous,"잘 믿는, 잘 속는"
Badinage,가벼운 농담
Belligerent,"호전적인, 전쟁 중에 있는"
Deterministic,"결정론의, 결정론적인"
Apprehensive,"걱정하는,겁내는"
Happy,행복한
Hermetic,"고립된, 외부와 차단된; 난해한"
Consuming,(느낌) 절실히 느껴지는
Proficient,"능란한, 솜씨좋은"
Debase,"(질, 가치) 저하시키다."
Preclude,"배제하다, 방해하다"
Futility,"헛수고, 무익함"
Bootless,"소용없는, 쓸모 없는"
Malevolent,"악의적인, 사악한"
Debark,(비행기나 선박에서)내리다; (짐을)내리다
Impel,"강요하다, 강제하다"
Cascade,"폭포처럼 떨어지다, 작은 폭포"
Cackle,"(닭, 오리)꼬꼬댁 울다; 낄낄대며 웃다, 목소리 찢어지게 웃다"
Apparel,"의류, 옷"
Laudable,"칭찬받을 만한, 훌륭한"
Slipshod,"칠칠치 못한, 대충하는; 단정하지 못한, 닳아빠진 옷이나 신발을 신은"
Leaning,"기호, 편애"
Emergence,"출현, 부상, 발생"
Capitulate,"복종하다, 항복하다"
Vacuous,"생각이 없는, 어리석은"
Peccadillo,"가벼운죄, 사소한 실수"
Irresolution,"주저함, 마음의 불확실"
Insight,직관력
Mnemonic,기억을 돕는 장치
Dexterous,"솜씨 좋은, 능숙한"
High-Strung,"신경이 날카로운, 화 잘 내는"
Legend,"(지도, 도표 등의) 범례, 기호의 설명 표"
Indispensable,필수불가결의
Tiff,사소한 말다툼
Dynamo,"에너지가 넘치는 사람, 정력가"
Folly,"어리석음, 우둔"
Artisan,"기능공,숙련공,장인"
Harebrained,"경솔한, 무모한"
Truism,"자명한 이치, 뻔히 아는 일"
Perplex,혼란스럽게 하다
Tinge,물들이다
Thrift,검소함
Heterodox,(일반적인 믿음)따르지 않는
Apiary,양봉장
Vile,"사악한, 부도덕한, 불쾌한"
Buttress,"부벽; 지지자, 후원; 지탱하다"
Infecund,"생산성이 없는, 아이를 낳을 수 없는"
Feisty,"적극적인, 원기 왕성한"
Delectable ,"맛있는; 매우 아름다운, 매력적인"
Attentive,"주의 깊은;상냥한,친절한"
Generic,일반적인
Teeter,비틀거리다
Err,틀리다; 실수하다
Dire,"끔찍한, 불길한"
Base,"(도덕적으로)상스러운,천한,비열한"
Vacuum,물질의 부재(의); 물질이 없는 공간; 진공상태(의)
Playbill,(배역이 소개된) 연극프로그램
Remold,"(모양, 구조, 특징)바꾸다"
Burgeon,급성장하다
Wan,"병약한,안색이 나쁜"
Impetuous,"충동적인, 성급한"
Poseur,젠체하는 사람
Equitable,"공정한, 공평한"
Audit,"(회계,장부)감사/검사하다"
Overt,"공공연한,명백한,숨김없는"
Potentate,"권세가, 강대한 힘의 소유자"
Secrete,"분비하다; 숨기다, 감추다"
Lethargy,무기력
Annul,"무효로 하다, 취소하다,폐지하다"
Synchronous,동시발생의
Desultory,"계획 없는, 목적 없는"
Malinger,"꾀병을 부리다, (의무)회피하다"
Bellicose,"호전적인, 싸우기 좋아하는"
Topsy-Turvy,"거꾸로, 머리를 아래로; 뒤죽박죽"
Wiretap,"감청하다,도청하다"
Eavesdrop,몰래 엿듣다
Decipher,해독하다
Nitrogen,질소
Hoax,짓궂은 속임수; 속이다
Disconcerted,마음이 혼란스런
Lode,광맥; 풍부한 원천
Dilate,확장되다; 장황하게 말하다
Marginal,"사소한, 중요하지 않은"
Ticklish,"까다로운, 신경질적인, 화를 잘내는"
Haven,항구; 피난처
Castigate,"심하게 꾸짖다, 비난하다, 징계하다"
Assiduous,"끈기 있고 부지런한,꾸준한"
Polarize,양극화하다; 분열시키다
Unscrupulous,"비양심의, 정직하지 않은, 공정하지 안은"
Sacrosanct,신성불가침의
Gull,속이다
Incite,자극하다. 선동하다
Choir,합창단
Insular,"섬의, 고립된, 편협한"
Defuse,뇌관을 제거하다; (긴장 등을) 완화시키다
Enhearten,용기를 북돋우다
Amenity,"편의시설,쾌적함,예의"
Remonstrate,"항의하다, 이의를 제출하다"
Omnipotent,전능한
Grueling,몹시 힘든
Travail,"힘들게 일하다, 수고하다"
Appease,"달래다,진정시키다,양보하다"
Untenable,(논리)방어되지 않는
Esteem,"존경, 존중, 호의적 평가"
Discursive,"산만한, 종작없는"
Prostrate,"엎드리(게 하)다, 굴복시키다, 굴복하다, 쇠약하게 하다;엎드린,굴복한,기진맥진한"
Biting,신랄한; 통렬한
Malady,"질병, 병폐"
Camouflage,"위장, 속임"
Resplendent,"화려한, 눈부신"
Plaza,"광장, 시장"
Dross,"녹은 금속의 찌꺼기;납동, 물때;가치 없는 것"
Dampen,"약화시키다, (활력,열의에)찬물을 끼얹다, 소리를 줄이다"
Dingy,"칙칙한, 지저분한"
Ignominy,"불명예, 치욕, 굴욕"
Assume,"가정하다;(권력,의무)떠맡다;가장하다"
Noxious,"해로운,불쾌한"
Spartan,"엄격한, 간소한, 사치부리지 않는"
Harbinger,예언자;전조
Postulate,가정하다; 당연한 것으로 여기다
Pandemic,(병이) 전국이나 전세계적으로 퍼지는;그런 전염병
Elastic,탄력 있는
Prohibitive,"(가격) 지나치게 비싼; 금지하는, 제한하는"
Uncanny,"신비, 이상한 보통 아닌"
Ignorance,"무지, 무식"
Sullen,"성질 더러운, 토라진, 뚱한"
Rancid,(부패해서) 냄새가 고약한
Wane,"작아지다,약해지다,달이 기울다"
Impregnable,난공불락의
Embolden,대담하게 하다
Spate,많은 양
Amorphous,"(형태,정의가) 불명확한"
Go-Getter,"공격적인 사람, 진취적인 사람"
Lug,(짐)힘들여 끌다
Brevity,간결함
Inconclusive,결정적이지 않은
Filthy,"매우 더러운, 추잡한, 난잡한, 비열한"
Untactful,"기지, 재치 없는, 눈치 없는"
Abscond,"몰래 떠나다, 종적을 감추다"
Despicable,"경멸스러운, 비열한, 야비한"
Bungle,"어설픈짓하다, 실수하다"
Irreverent,"불손한, 불경스런"
Asunder,분리된;나누어진
Tincture,염료
Catalyze,"촉매작용하다, 촉진시키다"
Delineate,정확하게 묘사하다
Caretaker,임시로 직무를 맡은; 임시로 직무를 맡은 사람
Conducive,"공헌하는, 도움이 되는"
Insurgent,"반란을 일으킨 사람, 반군, 폭도"
Stable,"흔들리지 않는, 안정된"
Complaisant,"기쁘게 해주려하는, 친절한, 정중한"
Figurine,작은 조각상
Cartographer,지도제작자
Congenial,"마음이 맞는, 같은 성질의, 상냥한"
Saturnine,"침울한, 우울한"
Epitomize,요약하다; 완벽한 예가 된다
Intransigent,"비타협적인, 완고한"
Repellent,불쾌감을 주는
Ambiguous,"여러가지로 해석가능한, 모호한"
Incessant,끊임없이 계속 이어지는
Calumny,"중상, 비방"
Aggravate,"악화시키다,화나게 하다"
Dicey,"예측할 수 없는, 잠재적으로 위험한"
Mitigate,완화시키다
Entrenched,굳어진
Polymorphous,"여러 형태의, 다양한"
Archipelago,군도
Immeasurable,"측정할 수 없는, 무한한"
Convivial,"연회를 좋아하는, 명랑한, 우호적인"
Enduring,지속적인
Tremulous,"(손발)떨리는; 겁 많은, 소심한"
Varnish,"바니시를 발라서 광택을 내다; 니스, 바니시"
Dabbler,취미로 하는 사람
Crumble,"바스러지다, (건물,땅)허물어지다"
Frill,"허식, 장식"
Semantics,의미론
Disarm,적개심을 제거하다; 무장해제시키다
Befitting,"안성맞춤의, 적합한"
Voluptuous,"사치스런, 향락적인, 관능적인"
Blemish,흠; 도덕적 오점
Accrete,점진적으로 증가하다
Cunning,"교활한, 교묘한; 속임수,정직하지 않음"
Sacerdotal,"성직의, 사제의"
Meteoric,유성같이 빠른
Hackneyed,진부한
Foe,"적, 원수"
Precarious,"위태로운, 불확실한"
Berth,"(배, 열차) 침대,침상"
Pervade,"퍼지다,온통 가득하다"
Pliable,모양이 잘 휘는; 고분고분한
Intriguing,"호기심을 자아내는, 재미를 자아내는; 매력적인"
Implicit,"암시된, 암묵적인"
Ascendant,"상승하는,올라가는;(힘과 영향력)"
Log,여행의 기록;운항일지
Zealot,"광신도,열광자"
Vindicate,옹호하다
Lithe,"유연한, 우아한"
Smirk,(자기만족감에) 히죽히죽 웃다
Temporary,"중간의, 잠시의"
Laud,"칭찬하다, 찬양하다"
Pusillanimous,"소심한, 심약한"
Insalvageable,구해낼 수 없는
Gauche,"서투른,세련되지 않은,솜씨 없는"
Flatter,"추켜세우다, 알랑거리다, (찬사 등으로) 기쁘게 하다"
Expedient,편의주의적인; 신속한
Eliminate,제거하다
Elemental,"기본적인, 근본적인"
Jaundice,편파적으로 대하다
Alacrity,"민첩함,민활함;선뜻 ~함"
Aggrandize,"(권력,힘,지위,재산,명성 등) 증대시키다"
Verbose,장황한
Displeasant,불쾌감을 주는
Ostentatious,"자랑/과시하는,허세부리는"
Scoff,조롱하다
Adamant,단호한
Disguise,위장하다
Duplicity,"속이는 행위, 표리부동"
Permanent,"영구적인,불변하는"
Elucidate,(명확히)설명하다
Strut,거만하게 걷다; 버팀목
Deflate,수축시키다; 풀 죽게 하다
Extant,현존하는
Mind,꺼리다;복종하다
Acerbic,"(태도,말) 신랄한; (맛) 신,쓴"
Prescience,예지력; 통찰력
Slacken,"느슨하게 만들다, 느슨해지다"
Grating,삐걱 거리는;(소리가)신경에 거슬리는
Facetious,"익살스런, 웃기는; 가벼운"
Pedagogue,선생님;교육자
Deliberation,"심사숙고, 합의, 토의"
Convert,"변형시키다, 바꾸다, 개종시키다"
Adrift,"표류하는, 떠내려가는; 방황하는"
Circumspect,"신중한, 주의 깊은, 깊이 생각하는, 용의주도한"
Wary,"조심하는, 주의하는"
Hull,겉껍질
Contumacious,고집 센
Conventional,"틀에박힌, 진부한, 평범한; 전통적인"
Fiscal,"재정의, 재무의, 회계의"
Plumb,면밀히 조사하다
Surpass,능가하다
Intermittent,"때때로, 가끔 발생하는"
Volitional,"의지의, 결단력 있는"
Piety,경건함
Rakish,"방탕아의; 멋진, 경쾌한, 세련된"
Incombustible,불연성의
Paradigmatic,전형적인
Patronize,"후원하다;우월하게 행동하다,생색내다"
Reprobate,나쁜 놈;비난하다
Even-Handed,공정한
Choleric,"담즙질의, 화를 잘 내는"
Anaerobic,혐기성의(산소를 싫어하는)
Plague,괴롭히다
Haste,"서두름, 신속함"
Equivocal,애매한
Obstructionist,(입법행위)의사방해자
Expository,설명하기 위한
Interpose,삽입시키다; 양자 사이에 개입하다
Insinuate,넌지시 말하다
Heed,주의를 기울이다
Allude,"넌지시 말하다,암시하다"
Parsimonious,인색한
Convene,소집하다
Fir,전나무
Cavalier,"건방진, 거만한"
Affix,"첨부하다,고정시키다"
Stipple,점묘법으로 그리다
Propagate,"번식/증식 시키다, 보급하다, 전파하다"
Rickety,(구조물)곧 무너질 것 같은
Outlaw,"범법자,무법자"
Repudiate,"부인하다, 거절하다"
Smuggle,밀수하다
Ineluctable,피할 수 없는
Dodge,피하다
Gem,(깎아서 다듬은)보석
Fretful,"안달하는, 초조해하는, 화내는, 언짢아하는"
Attenuate,"가늘게 하다,약화시키다"
Lament,"한탄하다, 애통해하다"
Indelible,"지울 수 없는, 제거 할 수 없는"
Caustic,신랄한
Well-Developed,충분히 성숙한/발달한
Hut,오두막; 임시로 지은 숙소
Mollify,달래다
Peck,부리로 쪼다;가볍게 키스하다
Fetching,매력적인
Gully,"(작은)계곡,협곡"
Buoy,"띄우다, 뜨다; 받치다; 기운을 북돋우다"
Badger,계속 괴롭히다;계속 졸라대다
Agglutinated,"접착된,응집된"
Stanch,흐름을 막다
Melodious,듣기 좋은
Serene,"고요한, 평온한"
Spurn,"경멸하다, 딱 거절하다"
Sway,마음이 흔들리다; 마음을 흔들다
Splint,부목
Erudite,박식한
Cognizant,"인식한, 알고 있는"
Gullible,쉽게 속는
Suppleness,유연함
Untoward,"적당치 않는,곤란한, 불리한"
Stalwart,"충성된, 튼튼한, 건장한; 충성된 사람, 튼튼한/건장한 사람"
Tear,"찢다, 분리하다; 화급하게 움직이다, 돌진하다"
Endorse,"승인하다, 지지하다, 보증하다, 배서하다"
Heart-Rending,"마음을 찢어지게 하는, 매우 슬픈"
Realistic,현실적인
Gourmand,"미식가, 대식가"
Obstinate,"완고한,완강한"
Decorum,"단정함, 예의 바름"
Aid,"돕다,지원하다"
Venal,매수되기 쉬운
Filly,어린 암말
Transportation,운송
Hankering,"갈망하는, 갈망"
Feckless,"무기력한, 무책임한"
Obviate,"불필요하게 하다;예방하다,제거하다"
Humble,"겸손한, 겸허한"
Typo,오타
Deferential,공손한
Blare,"(소리)울려퍼지다;요란하게 울리다, 떠들어대다; 요란한소리"
Rowdy,"소란스러운, 난폭한"
Apprehensible,이해하기 쉬운
Unpropitious,"불길한, 불리한"
Warehouse,"상품창고,물류창고"
Stifle,"제한하다, 억제하다"
Brake,제동장치
Robust,"건강한, 건장한"
Phenomenal,"대단한,비범한"
Ingrained,"(기질, 습관) 뿌리깊은, 깊이 박힌"
Natty,말끔한
Unanimous,만장일치의
Lighthearted,"걱정이 없는, 쾌활한, 명랑한"
Indecorous,"예의 없는, 무례한"
Importune,성가시게 졸라대다
Hodgepodge,뒤죽박죽
Fatigue,극도의 피로
Naïve,"순진한,순박한,경험이 없는"
Mentor,조언자
For(E)Swear,포기하다; 위증하다
Commonplace,"진부한, 진부한 문구"
Proffer,"내놓다, 제의하다"
Innovation,혁신
Bilk,"(돈)사취하다, 속이다; 피하다; 좌절시키다, 막다"
Isthmus,지협; 두 개의 육지를 연결하는 좁고 긴 땅
Slur,"중상하다, 비방하다"
Denigrate,부당하게 비난하다; 폄하하다
Unsavory,"(맛, 냄새)불쾌한, 맛없는; 도덕적으로 불쾌감을 주는"
Expansive,"(성격,태도) 개방적인, 너그러운, 대범함"
Remote,"(거리) 먼, 외진;(관계)소원해진"
Wizened,"쭈글쭈글한,쇠약한,시든"
Exhaustive,포괄적인; 철저한
Incomprehensible,이해할 수 없는
Vapid,"맛 업는, 자극 없는, 재미없는"
Remiss,"태만한, 성의 없는, 소홀한"
Abstemious,"(음식,음주) 삼가는,절제하는"
Segment,"쪼개다, 나누다"
Anarchist,무정부주의자;폭력혁명가
Burnish,닦아서 광내다
Incriminate,"죄를 씌우다, 고소하다"
Quell,진압하다
Eulogy,"칭송, 찬양, 송덕문"
Worldly,"세속적인,경험 많고 세상을 잘아는"
Sluggish,"둔한, 활력 없는"
Impassive,"무정한, 비정한, 무표정한"
Peremptory,"단호한,지엄한;위압적인,독단적인"
Touchy,지나치게 민감하게 구는
Ingenuous,"순진한, 솔직한"
Shirk,회피하다; 회피하는 사람
Learned,유식한
Ascendancy,"영향력,우세함"
Score,"악보, 총보, 배경음악"
Rabies,"공수병, 광견병"
Ravage,"휩쓸어 파괴하다; 파괴행위, 파괴적 영향"
Pacify,"달래다,진정시키다"
Mean,"질이 떨어지는, 가치가 없는, 양이 적은, 시시한"
Accost,"다가가서 (당돌하게,공격적으로) 말 걸다"
Chateau,(프랑스)성(城)
Peaceableness,"온건함,평화로움"
Tether,"(밧줄로) 묶다, 고정시키다"
Distill,증류하다
Firefly,반딧불이
Deject,낙담시키다
Venerable,존경 받는
Obstreperous,"통제가 안되는,시끄러운,떠들썩한"
Thermal,열의
Libertine,난봉꾼
Continuum,연속(체)
Glide,미끄러지듯이 움직이다
Distract,집중하지 못하게 하다
Aghast,"아연한, 대경실색한"
Stopgap,임시변통
Safeguard,"보호수단, 보호"
Lurk,"잠복하다, 숨어서 기다리다."
Hoard,"보관하다, 저장하다;(몰래) 저장하다"
Puckish,"짓궂은, 장난기 있는"
Transitory,"영원하지 않은, 일시적인"
Surreptitious,은밀한
Curtail,"단축하다, 줄이다;(비용) 절감하다"
Entrance,매료시키다
Desist,멈추다; 삼가다
Plaudit,"박수, 갈채, 찬양"
Languor,"쇠약; 무기력, 권태; 무관심"
Tongue-Tied,(당황하여)말문이 막힌
Keen,"열렬한, 예리한, 날카로운"
Bucolic,전원적인
Hiss,쉬' 소리를 내다;비난하다
Alleviate,경감하다
Prate,재잘재잘 지껄이다
Laze,"빈둥거리다, 게으름 피우다"
Fawn,아부하다
Mutability,변화성
Hyperbole,"과장된 말, 과장법"
Dissipate,흩어지게 하다
Merrymaking,떠들고 놀기; 야단법석
Infirm,허약한; (마음)불확실한
Hamper,"막다,방해하다"
Germane,"밀접한 관계가 있는, 적절한"
Clog,"(움직임, 흐름)막다, (활동) 방해하다"
Preempt,"선제적으로 막다; 선취하다, 선점하다"
Standoffish,"쌀쌀맞은, 마음을 잘 열지 않는, 무뚝뚝한"
Anecdote,일화
Serried,"(사람, 물건) 꽉 찬, 빽빽한"
Incantation,주술
Jaded,"지친, 지긋지긋한, 싫증난"
Ignoble,"비열한,야비한"
Controvert,"부인하다, 반박하다"
Colleague,동료
Incense,몹시 화나게 하다
Svelte,"날씬한, 세련된"
Rapport,"(관계) 조화로움, 친근함"
Retract,"취소하다, 철회하다"
Extemporaneous,"즉흥적인, 계획 없이 이루어진"
Imperious,"오만한, 고압적인"
Disposition,기질
Acute,"예각의, (사람)예리한, (상태)심각한, (병) 급성의 "
Acolyte,"(로마가톨릭 예배의식) 시제,복사"
Labyrinth,미로
Libel,문서에 의한 명예훼손; (문서로) 명예를 훼손하다
Admonish,"경고하다,훈계하다"
Enunciate,명확히 표현/설명/발음하다
Unbridled,구속되지 않은 자유로운
Vainglorious,자만심이 강한
Prudent,(미래를 대비해서) 신중한
Taxing,"힘든, 고생이 많은"
Imperceptible,"지각/감지할 수 없는, 미세한, 경미한"
Reproachable,비난할만한
Demurrable,이의를 주장할 수 있는
Glib,"(깊이 없이)말만 유창한, 입심 좋은"
Illiteracy,"무학, 문맹, 무교양"
Coalesce,"합쳐지다, 하나가 되다"
Phlegmatic,"점액질의,침착한;무감정의,느린"
Vacillate,"마음이 오락가락하다, 주저하다"
Glacial,"매우 추운; 매우 느린; (태도,눈빛) 매우 차가운"
Ubiquitous,어디에나 있는
Ossify,골화(骨化)되다;보수화되다
Wander,"(정처없이) 헤매다, 배회하다"
Devious,"부정한 방법을 쓰는; 돌아가는, 우회하는"
Indigent,"궁핍한, (생필품) 결핍된"
Hobble,절뚝거리다
Zealotry,"광신,지나친 열정"
Diagnose,진단하다
Loaf,빈둥거리다
Heated,"화난, 격렬한; 열렬한"
Offbeat,색다른
Prolix,"장황한, 지루하게 긴"
Evanescent,사라지는
Adorn,장식하다
Inexpungible,지울 수 없는
Thoroughgoing,철저한
Husk,"껍질, 중요하지 않은 부분"
Agitation,"불안,초조;선동;(용액) 휘 젖기"
Melancholy,"우울한,울적한;우울,침울"
Symbiosis,공생
Parody,"패러디,풍자적 모방(희화화)"
Intractable,"유순하지 않는, 다루기 힘든, 고집 센"
Discrepancy,"불일치, 차이, 어긋남"
Restive,"안절부절 못하는; 고집부리는, 다루기 힘든"
Blight,"고사시키다, 해를 입히다"
Ponderous,"무거운, 육중한; 지루한"
Aquifer,"대수층,지하수를 내장한 침투성 지층"
Prospect,채굴하다
Juggernaut,"엄청난 파괴력, 불가항력"
Immaterial,"중요하지 않는, 관련 없는; 영적인"
Zone,지역을 분할하다
Encomiast,칭송하는 자
Preeminence,"가장 뛰어남, 탁월함"
Betrothal,약혼
Better,향상시키다; 더 나은
Gargantuan,거대한
Forage,(식량) 찾아 헤매다
Chromatic,색채의
Everyday,일상적인
Poach,끓는 물로 요리하다; 밀렵하다
Accolade,"영예,영광,찬양"
Foil,"방해하다, 막다"
Unanimated,생기없는
Resilience,"탄력, 회복력"
Valiant,용기 있는
Coruscate,"반짝반짝 빛나다, 번득이다"
Sanctum,"신성한 장소, 성소; (간접이 없는) 사실(私室)"
Scanty,"적은, 불충분한"
Crestfallen,풀 죽은
Illustrate,"(그림, 차트, 예를 이용해서) 명확히 설명하다"
Scurrilous,"(입) 상스런, 저속한, 욕하는"
Stoke,"급유하다, 불을 피우다"
Compromise,"(명예,신용) 위태롭게 하다, 훼손하다"
Starry-Eyed,"순진하게 열정적이고 이상적인; 비현실적인, 이상적인"
Vex,"짜증나게 하다, 귀찮게 하다"
Correspond,"부합하다, 상응하다; 서신을 교환하다"
Effete,활력 없는
Truncate,길이를 줄이다
Stodgy,"칙칙한, 재미없는; 매우 보수적인"
Hoarse,"(목소리가)거친, 쉰 소리가 나는"
Anathema,"저주, 증오; (가톨릭) 파문, 이단배척"
Derogate,"비하하다, 격하시키다"
Taciturn,과묵한
Vaunt,"심하게 자랑하다, 뽐내다"
Scour,(솔과 물로) 북북 문질러 닦다
Musician,음악가;악기연주자
Dank,(불쾌하게)축축한
Haunt,자주 가는 장소
Arboreal,"수목의, (동물) 나무위에 사는 "
Stark,"장식이 없는, 간소한; 뚜렷한, 분명한; 완전한; 강한, 굳센"
Supercilious,거만한 건방진
Verbiage,(지나치게 기술용어를 사용해서)장황함
Prevaricate,"얼버무리다, 둘러대다, 속이다"
Meticulous,"지나치게 꼼꼼한, 주의 깊은, 정확한"
Passionate,"열정적인, 감정에 치우치는"
Abate,"(정도,세기,수량 등) 줄이다,감소시키다"
Abandon,"(감정,충동에) 사로잡히다; 방종"
Venerate,존경하다
Flimsy,"부서기기 쉬운, 무른, 약한; (주장)설득력이 없는"
Charade,"뻔한 거짓, 제스처게임"
Flounder,"간신히 나아가다, 버둥거리다, 몸부림치다"
Speed,"속도를 높이다, 가속화하다"
Loathsome,혐오스러운
Ungainly,"(외모, 행동, 솜씨 등) 서툴고 어색한"
Canard,"헛 소문, 지어낸 이야기"
Bedlam,"소란스러운 곳; 대소동, 혼란"
Exponent,지지자
Dawdler,게으름뱅이
Forbearance,"인내, 자제"
Propensity,"강한 기호, 경향"
Trace,소량
Deferrable,미룰 수 있는
Enthrall,마음을 사로잡다; 노예로 만들다
Pinnacle,"절정,전성기,정상"
Detour,우회하다
Innate,"타고난, 자연스런"
Void,법률적 효력이 없는
Avid,"몹시 탐내는;열심인,열광적인,열정적인"
Abrogate,"(법령,관습) 공식적으로 폐지하다"
Podium,"연단, 지휘단"
Denseness,조밀함
Satiate,"충분히 만족시키다,물리게 하다"
Repugnance,"싫어하기, 반감, 적대감; 일관성없음"
Conciliate,"화해시키다, 중재하다, 조화시키다, 일치하다"
Tangential,"주변의, 핵심에서 벗어난"
Murky,"어둑어둑한, 안개가자욱한, 모호한, 애매한"
Callous,"냉담한, 무감각한"
Unveil,최초로 공개하다
Discordant,"불협화음의, 조화를 이루지 못하는"
Imperishable,"영원한, 사라지지 않는"
Vouchsafe,"하사하다,(아랫사람에게)주다"
Drench,흠뻑 적시다
Quatrain,4행으로 이루어진 연
Meager,"부족한, 빈약한"
Callow,"미성숙한, 경험이 없는"
Toil,"애쓰다, 열심히 일하다"
Analgesic,통증을 없애주는;진통제
Guile,"속임수, 꾀,술책"
Reticent,과묵한
Vault,은행금고
Exude,"스며 나오게 하다, 발산시키다"
Insouciant,"태평한, 근심이 없는"
Heinous,(행동) 극악한
Tularemia,(전염성)야토병
Renounce,"공식적으로 포기하다, 철회하다, 거부하다"
Reassure,안심시키다
Sanctuary,지성소;피난처
Quash,"억제하다, 억누르다"
Asperity,"(말,태도) 신랄함"
Ineffable,"말로 표현할 수 없는, 형언할 수 없는"
Blatant,"뻔한, 몹시 떠들썩한; 야단 법석의"
Exacerbate,악화시키다
Estimable,존경 받을 만한
Entice,유혹하다
Emulation,"경쟁의식, 모범으로 삼음;흉내내기"
Unencumbered,"방해받지 않은, 방해가 되는 것을 가지지 않은"
Substantial,"상당히 크고 중요한; 튼튼한; 실제적인, 현실적인"
Vulgar,저속한
Blanket,"담요로 덮다, 전면을 덮다"
Stoic,고통을 참고 내색하지 않는; 감정을 드러내지 않는
Congenital,선천성의
Cosmetic,"피상적인, 표면적인"
Eidetic,"선명한, 생생한"
Cast,출연배우들
Winsome,매력적인
Gratuitous,"무료의, 필요 없는, 근거 없는"
Genteel,"품위있는, 우아한, 점잔빼는"
Pleat,"(치마, 바지) 주름; 주름잡다"
Reconnoiter,정찰활동을 하다;정보를 얻기 위하여 사전조사를 하다
Facet,"사물의 한 면상, 특성; (보석 등) 마면, 평면"
Stiff,유연하지 않은; 뻣뻣한
Intemperate,"무절제한, 방탕한"
Falter,"주저하다, 비틀거리다"
Ingenious,독창적인
Garner,"(정보,승인) 득하다, 수집하다"
Craven,비겁한; 비겁한 사람
Vicarious,"대리의, 대행의"
Respectful,공손한
Tantalize,감질나게 하다; 자극하다
Delegate,위임하다; (회의) 대표로 파견하다
Untold,"셀 수 없을 만큼 많은, 무수한"
Defame,명예를 훼손하다
Immediate,"(시간, 장소, 관계)가까운, 즉각적인"
Assembly,모임
Oust,"(지위,장소에서)내쫓다,축출하다"
Moderate,"적절하게 하다, 완화시키다"
Autonomy,"자율성,자치권,자립"
Comprehend,"이해하다; 내포하다,포함하다"
Resurgence,"소생, 부활, 되살아남"
Winnow,"키질하다,까부르다,키질하여(왕겨 등을) 제거하다"
Eaglet,새끼 독수리
Appeal,"상소,항고"
Fast,"확고한, 고정된; 금식하다; 금식"
Spleen,"울화, 악의"
Priggish,지나치게 꼼꼼하고 도덕군자인 척하는 
Flawed,결점이 있는
Resolute,마음이 확고한
Elevation,"상승, 높아짐"
Jocund,쾌활한
Flicker,깜빡 거리다
Sully,더럽히다
Mercurial,변덕스런
Bewitch,"마술 걸다, 매혹시키다"
Cessation,"끝, 중지"
Vice,"악, 사악함"
Harrow,"괴롭히다, 못살게 굴다,망치다,침해하다"
Suspend,매달다; 막다; 연기하다
Tasty,"맛있는; 매력적인, 재미있는"
Unsubstantiated,증거로 증명되지 않은
Pique,"화나게 하다,자극하다"
Facile,"피상적인; 손쉬운, 용이한"
Gritty,"의지가 굳은, 대담한;모래먼지 투성이의"
Inconsonant,일치하지 않는 조화되지 않는
Affinity,좋아함; 유사성
Parse,문장을 분석하다
Nettle,"화나게 하다,안절부절못하게 하다;쐐기풀"
Mindful,"인식하는, 알고 있는"
Relentless,"엄격한, 가혹한, 무자비한"
Negotiate,협상하다
Albino,백화병환자
Blustering,호통치는
Perspicuous,"명확한,명료한"
Mensurable,측정 가능한
Overlook,간과하다;무시하다
Anachronistic,연대기적 오류가 있는;구시대적인
Galaxy,"은하,성운"
Fractious,"쉽게 해내는, 다루기 힘든"
Batch,"(과자) 한번 구워내는 양, 한다발, 한무리"
Synthesize,"합성하다, 종합하다"
Doldrums,"침체기, 부진, 침울, 우울"
Inclement,"(날씨)혹독한, 궂은"
Pliant,"유연한, 고분고분한"
Hardy,"튼튼한, 억센, 대담한, 용감한"
Freckle,"주근깨, 기미"
Preponderant,"우세한, 압도적인, 능가하는"
Veer,방향을 바꾸다;(갑자기) 의견이나 주제를 바꾸다
Improvident,미래를 대비하지 않는; 낭비하는
Deplete,고갈시키다
Floppy,"(옷이) 펄럭이는, 늘어진, 느슨한"
Approbation,"승인,칭찬"
Drone,단조롭게 말하다
Garble,"왜곡하다, 혼동하다"
Rite,"의식,절차"
Isomorphous,동형의
Giddy,"경솔한, 진지하지 못한; 현기증 나는"
Legendary,"전설적인, 매우 유명한"
Disparate,본직적으로 다른
Eminent,"저명한, 유명한"
Retreat,"(군대) 후퇴하다, 철수하다; 철회하다"
Proofread,교정하다
Shun,기피하다
Asylum,"(정치범,난민,정신병자 등의)보호시설, 피난처"
Disjunctive,"연관성이 결여된, 분리하는, 분리성의"
Dissent,"의견을 달리하다, 동의하지 않다"
Debunk,(허구임을) 드러내다
Rave,횡설수설 말하다; 극찬하다
Archive,"기록모음,기록보관소"
Superfluous,"잉여의, 불필요한"
Flux,"흐름, 끝없는 변동"
Nonconformity,"(표준,전통,규칙,법률 등)따르지 않음,불순응,불일치"
Vignette,"(영화 등의) 짧은 장면, 짧은 사건"
Denounce,공공연히 비난하다; (조약) 폐기를 선언하다
Didactic,"가르치기 위한, 교훈적인, 설교적인"
Curt,"(말)퉁명스런, 짧은, 간결한"
Alienate,"멀리하다,사귀지 않다,소외시키다;양도하다"
Gall,화나게 하다
Impervious,"통과할 수 없는; 영향을 받지 않는, 해를 입지 않는"
Preference,"애호, 좋아함"
Cane,"사탕수수 나무줄기, 지팡이, 회초리"
Leviathan,거대한 바다동물; 거대한 것
Primeval,원시시대의
Scuff,(딱딱한 것에 긁혀) 흠을 내다
Moratorium,"(지불,집행)유예"
Oblique,"기울어진,비스듬한,완곡한,모호한;부정한,잘못된"
Defray,(비용 등을) 부담하다
Histrionic,"배우의, 연기의; 지나치게 감정적인"
Terrify,극독의 두려움을 느끼게 하다
Unfortunate,운이 없는; 재난이나 불행을 초래하는
Grandstand,"(관객,미디어로부터)주목 받으려 하다,(관객을 의식하여)화려한 플레이를 하다"
Languish,"기력을 잃다, 쇠약해지다"
Gossamer,"매우 얇은, 섬세한"
Punctilious,"세심한, 꼼꼼한"
Temporize,"우물쭈물하다,미적지근한 태도를 취하다,결단을 내리지 않다;대세에 따르다"
Capability,힘과 능력
Script,"(연극, 영화) 대본"
Halfhearted,"열성이 없는, 내키지 않는"
Immoderate,"절도를 잃은, 과도한, 극단적인"
Insatiable,"(식욕, 욕망)만족시킬 수 없는"
Abridge,"요약하다,축약하다"
Artless,"꾸밈없는,솔직한;자연스러운;솜씨 없는,기교 없는"
Stigmatize,낙인을 찍다; 비난하다; 오명을 씌우다
Sanction,"허가하다, 승인하다"
Rancor,"원한, 악의"
Rectitude,"(행동)정의로움, 옮음, 정직"
Satiety,포만상태
Recant,(주장)철회하다;(믿음)부정하다
Zealotry,"광신,지나친 열정"
Condescend,"생색내다, 오만하게 행동하다"
Diatribe,"통렬한 비난, 혹평"
Quixotic,지나치게 이상적인; 비현실적인
Remorseful,"깊이 후회하는, 뉘우치는"
Tawdry,장식만 번지르르하고 싸구려의
Pastoral,전원적인
Canopy,차양
Zest,"기분 좋은 맛,자극,흥미,관심"
Shard,"(도자기, 유리, 바위) 파편조각"
Antipathy,"반감,혐오"
Fleeting,"휙 지나가는, 순식간의, 덧없는"
Polarity,양극성
Roil,"화나게 하다, 초조하게 만들다;액체를 휘저어 흐리게 하다"
Sentient,"감각이 있는, 느낄 수 있는"
Restrain,"제한하다, 억제하다"
Temerity,"지나친 자신감, 무모함, 뻔뻔함"
Contravene,"위반하다; 모순되다, 반박하다"
Intentionality,의도성
Coolheaded,"냉정한, 침착한"
Deceleration,감속
Hollow,"텅 빈, 내용 없는"
Fail-Safe,(고장에 대비하여) 안전장치를 갖춘
Protuberance,"돌출, 돌기, 융기"
Lavish,"사치스런, 아낌없는"
Steal,은밀히 움직이다
Pertinacious,완고한
Green,"경험이 없는, 미숙한, 초목이 우거진"
Opulent,"부유한,풍성한"
Instigate,"부추기다, 선동하다"
Reactionary,"개혁에 반대하는, 보수적인"
Carouse,흥청대며 마시다
Ad-Lib,즉흥 연설(연기 등)
Smother,"(덮어서) 질식시키다, 불을 끄다; (감정, 행동) 억제하다"
Tame,"길들여진; 길들이다, 무기력하게 만들다"
Mirth,"환희, 유쾌함, 웃음"
Toga,로마인들의 흰색 옷
Revue,(시사 풍자적인 내용)개그콘서트
Groveling,"비굴한,아첨하는;기는"
Winning,매력적인
Squalor,"더러움, 누추한; 천함, 비열함"
Maven,전문가
Captor,"포획자, 획득자"
Iniquity,"부도덕함, 사악함, 극악함"
Circumlocution,"에둘러대기, 완곡어법, 다변"
Regimentation,"조직화, 통제"
Rarity,희귀함; 희귀하고 진귀한 것
Affable,"사귀기 쉬운,붙임성 있는,상냥한"
Nuisance,"귀찮은 것,성가신 것,폐"
Unwonted,"익숙하지 않은, 일반적이지 않은"
Sophism,"궤변, 잘못된 이론"
Arrogance,오만함
Gaffe,"(사교상)실수, 결례"
Cagey,신중한
Exhaust,기진맥진하게 하다
Surfeit,과다
Tin,주석
Occult,"숨겨진,눈에 보이지 않는,난해한"
Agog,"(~하고 싶어) 못 견디는,흥분한"
Discombobulate,혼란스럽게 하다
Garrulous,지나치게 수다스러운
Tepid,"미지근한, 열정이 거의 없는"
Denture,의치(한 벌)
Ponder,심사 숙고하다
Deft,"솜씨 좋은, 민첩한"
Precipitate,"재촉하다, 갑자기 생기게 하다; 성급한"
Rail,몹시 비난하다
Toady,아첨하는 사람
Respect,존경
Filibuster,의사진행방해 (긴 연설 등)
Pomp,"장환, 화려; 위엄의 과시, 거만한 행동"
Contention,"다툼, 논쟁, 주장"
Insolent,"무례한, 불손한, 건방진"
Friction,마찰
Anomalous,"변칙적인,비정상의,특이한 "
Imprudent,"신중하지 못한, 경솔한, 무분별한"
Veto,"금지, 거부; 거부권"
Ensue,뒤따라 발생하다
Panegyric,"칭송,찬양"
Perpetuate,"영속하게하다, 불멸하게하다"
Endeavor,노력
Filmstrip,영사슬라이드
Footloose,"결부된 것이 없는; 마음대로 할 수 있는, 구속되지 않은"
Congregate,모이다
Reagent,시약
Babble,재잘거리다;옹알거리다
Marbled,대리석 무늬의
Perpetual,영원한
Tout,"과대 선전하다, 몹시 칭송하다"
Jest,"농담, 익살, 희롱; 놀리다, 비웃다"
Paragon,"완벽한 예가 되는 사람이나 사물,모범,전형"
Panorama,전경
Subterfuge,"핑계, 구설, 속임수"
Contretemps,뜻밖의 불운한 사건
Clairvoyant,"천리안이 있는, 통찰력이 있는"
Rebuff,"퉁명스럽게 거부하다, 거절하다"
Reconciliation,"화해,중재;조화, 일치"
Shadow,미행하다
Founder,침몰하다;실패하다
Expurgate,검열하여 삭제하다
Competence,"능력, 재능"
Unremunerative,보수나 이익이 없는(적은)
Succulent,"과즙이 많은, 맛있는"
Secular,세속적인
Ash,재
Ductile,"순종적인;(금속)두드려 변형시킬 수 있는, 가소성의"
Myriad,"수많은,다수"
Bliss,"더 없는 기쁨, 행복"
Furor,분노
Effusive,"(감정표현이) 야단스런, 지나친"
Raucous,"(소리) 거슬리는, 불쾌한"
Congeal,"응결시키다, 경직시키다"
Aggrieve,"괴롭히다,고통을 주다"
Width,폭
Transparent,"투명한; 이해하기 쉬운, 명쾌한; 속이지 않는, (운영,경영)투명한"
Curb,억제하다
Benumbed,무감해진
Coddle,"관대하게 하다, 너그럽게 대하다"
Measured,정확히 측정한;신중한
Fazed,당황한
Persiflage,"농담,희롱,익살;경박함"
Penurious,몹시 가난한;인색한
Polemical,논쟁을 일으키는
Mettle,"용기, 원기, 기개"
Luster,광택
Farcical,우스꽝스런
Adjunct,"부가물, 첨가물"
Uncouth,"(사람, 행동) 무례한, 거친; (외모) 세련되지 못한, 꼴사나운"
Elliptical,"생략적인;(의미)지나치게 생략된, 모호한"
Impair,"약화시키다, 손상시키다"
Sluice,물을 흘려 씻다; 수문
Vociferous,떠들썩한
Preservative,방부제
Revile,비난하다
Brackish,짭짤한; 맛이 없는
Tempsetuous,폭풍우치는; 격정적인
Tenacity,"고집, 인내, 끈기"
Versemonger,진부한 시를 쓰는 시인
Viable,실행가능한; 생존할 수 있는
Principled,"윤리적인, 규율이 있는"
Dirge,"만가, 비가"
Lachrymose,눈물이 가득한; 눈물 나게 하는
Depreciate,평가절하하다; (가치) 떨어뜨리다
Surmise,"추측하다, 짐작하다"
Pan,심하게 비난하다
Blazon,"과시하다, 꾸미다"
Constellation,"성단, 별자리"
Reprehensible,비난 받아 마땅한
Protract,(기간)연장하다; (몸)(앞으로)쭉 뻗다
Metaphoric(Al),"은유의, 은유적인"
Condensed,요약된
Willowy,"(사람이) 키 크고 날씬한,우아한"
Talisman,부적
Dike,제방
Buoyant,"부력이 있는, 기운찬, 명랑한"
Erratic,"변덕스런, 일정하지 않은;비정상적인"
Sabotage,"고의적으로 방해하다,파괴하다"
Askew,휘어진
Peel ,껍질
Reservoir,저수지;수조
Paroxysm,"갑작스런 발작,감정의 폭발"
Valorous,용감한
Wasp,성미가 급하고 화 잘 내는 사람
Coronation,대관식
Guffaw,(천한)가가대소;큰소리로(깔깔)웃다
Fussy,지나치게 꼼꼼한
Appreciable,"상당한,쉽게 알아볼수있는"
Contrived,"계획된, 의도된"
Culpable,"과실이 있는, 비난 받을만한"
Sketch,대략적으로 묘사하다
Diffident,"자신 없는, 기가 죽은, 수줍어하는"
Surrender,포기하다 양보하다
Sadist,가학적인;잔혹함을 즐기는 사람
Usurp,권력을 불법적으로 찬탈하다
Impermeable,불침투성의
Gambol,뛰놀다
Accede,동의하다
Idle,"(기계,공장)작동하지 않는, 사용되지 않는"
Aggregate,"모으다;결합된,총계의;집단,총계"
Hacker,아마추어 스포츠인
Fluvial,강(江)의
Frighten,"겁나게 하다, 놀라게 하다"
Jittery,"신경질적인, 초조해하는"
Dilettante,아마추어 (예술가)
Retinue,수행원단
Madcap,"무모한, 황급한, 미친"
Countless,무수히 많은
Nonchalant,"태연한,무관심한"
Parry,공격을 피하다;대답을 회피하다
Retrench,삭감하다
Skimp,"아까워하다, 인색하게 굴다"
Quiescence,"활동 없음, 조용"
Stricture,비난; (행동)제약
Discreditable,"불명예스러운, 비난 받을만한"
Countenance,"찬성하다, 지지하다, 용인하다, 참다"
Moroseness,시무룩하고 언짢은 상태
Snarl,"뒤엉키게 하다, 방해하다"
Confound,"혼돈하다, 당황케 하다"
Scant,"적은, 불충분한; (공급, 수량) 줄이다"
Expedite,"촉진시키다, 추진하다, 신속히 처리하다"
Recession,"경기침체기, 쇠퇴"
Apprise,"정보를 주다,알려주다"
Topical,시사문제를 다루는
Deification,"신성화, 신격화"
Umpire,"(스포츠)주심, 심판"
Diplomatic,"(사람 다루는 데에) 능숙한, 능란한"
Turgid,"과장된, 허풍 떠는; 부푼, 팽창한, 부어오른"
Disabuse,"(그릇된 생각) 바로잡다, (오해) 풀어주다"
Underscore,밑줄 그어 강조하다
Ferrous,"철의, 철을 함유한"
Bogus,가짜의
Dismount,(말 등에서) 내리다 
Dissonance,불협화음
Inherent,"본질적인, 타고난"
Incorporeal,"비물질적인, 비육체적인"
Clemency,"자비, 관대함"
Lag,"꾸물거리다, 처지다"
Bibliography,"도서목록, 문헌 목록"
Peripheral,"주변부의,중요하지 않은"
Hobnob,"(높은 신분과)친하게 지내다, 사귀다"
Glacier,빙하
Sentinel,"경계병, 초보"
Convoke,소집하다
Invigorate,"기운나게하다, 격려하다"
Schism,"(교회) 분열, 분파"
Ransack,"철저히 수색하다, 조사하다"
Requisite,(어떤 목적이나 상황에)필요한
Liberate,자유롭게 풀어주다
Audible,(소리) 들리는
Transient,일시적인
Concession,"시인, 양보"
Lucid,명백하여 이해하기 쉬운
Terminology,특정분야의 기술적 용어들; 전문용어
Canonize,"권위 있는 것으로 인정하다, 찬양하다"
Fluctuate,변동하다
Epistemology,인식론
Extraneous,관련 없는
Derelict,"태만한, 나태한; (건물) 방치된, 버려진"
Fling,"거칠게 내던지다; 버리다, 폐기하다"
Mold,모양을 바꾸다;변형시키다
Demystify,명확하게 설명하다
Nadir,"천저,밑바닥,절망상태"
Barracks,"군인들의 막사,병영,숙사"
Thundering,"엄청난, 대단한"
Reproof,"질책, 비난"
Proclivity,"성향, 경향"
Recondite,난해한
Sustain,"유지하다, 지탱하다"
Dredge,"물바닥등을 긁어내다, 준설하다"
Foment,"선동하다, 자극하다"
Inequity,"불공정, 불공평"
Cavil,트집잡다
Implant,"심다, 이식하다, 박다, 주입하다"
Dehydrate,"건조시키다, 탈수시키다"
Inattentive,"무관심한, 부주의한, 배려하지 않는"
Menace,위협하는 사람;위협하다
Douse,(물)끼얹다/불을 끄다
Rotund,"둥근, 퉁퉁하게 살찐"
Geyser,간헐천
Exculpate,"협의를 벗겨주다, 무죄로 하다"
Belie,"잘못 드러내다, 모순되다"
Intangible,"만질 수 없는, 비물질적인"
Perpetrate,"(범죄,과실,실책) 범하다,저지르다"
Matriculation,"입학, 입학허가"
Baffle,"당황하게 하다,어리둥절하게 하다"
Pep,"활기,원기,활력"
Hamstring,"무력화하다,좌절시키다,다리를 절게하다"
Inconstant,"변하기 쉬운, 변덕스러운, 일정하지 않은"
Hangdog,"처량한, 부끄러워하는"
Demolish,파괴하다
Profligate,"탕진하는, 낭비하는"
Mend,"고치다, 수선하다"
Parlance,화술
Parrot,"기계적으로 떠라 하다,기계적으로 반복해서 말하다"
Disputable,논쟁의 여지가 있는
Bribe,"뇌물 주다, 매수하다"
Affected,"인위적인,꾸민"
Quench,"불을 끄다; 억제하다; 갈증을 해소하다, 만족시키다"
Reluctant,내키지 않는
Dogged,"끈질긴, 끈덕진"
Hermitage,은둔장소; 세상과 분리되어 살 수 있는 곳
Skittish,"변덕스런, 장난스런, 활발한"
Electricity,"강한 흥분, 격한 감정"
Procrastinate,"미루다, 지연하다, 늑장부리다"
Rally,"세를 규합하다; 집회로 모이다; (사기) 진작시키다; (건강,기세) 회복시키다"
Persistence,"고집,집요,지속"
Fickle,변덕스런
Blurb,"짧은 광고, 선전문"
Reel,"(낚시, 영화 필름 등) 감는 틀, 릴;감아들이다;비틀거리다"
Immutable,불변의
Unhackneyed,진부하지 않은
Apoplectic,"성난,화난,뇌졸중에 걸린"
Convergence,"합침, 집함, 집중"
Tatty,"낡고 초라한, 넝마를 걸친"
Licentious,"음란한, 문란한"
Endow,"기부하다;주다, 부여하다"
Favor,"편애하다, 지지하다, 유리하다"
Unavailing,"보람없는, 효과없는, 소용없는"
Exhort,"강요하다, 강권하다"
Aesthete,심미안이 있는 사람
Advocate,"지지하다,옹호하다"
Drop Cloth,(페인트칠을 할 때)방을막이천
Amenable,"잘 따르는,순종적인"
Repeal,"취소하다, 철회하다"
Frothy,"거품같은; (태도, 내용) 가벼운, 경박한"
Hedonism,쾌락주의
Loft,"위로 차 올리다, 위로 올라가다"
Hue,"색깔, 색조"
Indefeasible,무효화 할 수 없는
Satirical,풍자의
Excise,"잘라내다, 삭제하다"
Wit,재치;지혜가 있는 사람
Cache,"(귀중품, 무기)은닉처"
Obsolete,"구식의,못쓰게 된"
Leaden,"둔한, 느릿한; 활기 없는"
Revel,"매우 기뻐하다, 즐거워하다, 마시고 흥청거리다"
Quandary,"난처함, 궁지"
Indomitable,"불굴의, 꿋꿋한 불복하지 않는"
Portentous,"심각한, 중요한, 불길한, 놀라운"
Hortative,"(조언, 연설 등이)격려하는; 충고의"
Undeterred,"풀 죽지 않은, 단념하지 않은"
Thwart,"막다, 좌절시키다"
Brassy,"뻔뻔스런, 철면피의"
Propitious,유리한
Intrinsic,본질적인
Inhibit,"(행동, 진행)막다, 제한하다"
Extinguish,불을 끄다
Whimsical,변덕스런
Chide,꾸짖다
Pallor,창백함
Macerate,"(물이나 용액으로)부드럽게 하다, 불리다, 분해하다"
Filch,훔치다
Aloof,"쌀쌀맞은,무관심한,초연한"
Conversant,정통한
Absorb,흡수하다
Dissuade,하지 않도록 설득하다
Diehard,완강하게 저항하는; 완고한 보수주의자
Egoism,이기주의
Benediction,"축복, 축도"
Flannel,"플란넬, 무명, 면포"
Calculated,"의도된, 계산적인"
Confine,"제한하다, 가두다"
Cipher,암호문
Irascible,화 잘 내는
License,"허락, 인가하다"
Meddle,참견하다
Unbuttoned,단추가 풀린
Fumble,"서툴게 다루다, 더듬어 찾다, 말을 더듬거리다"
Hoary,"백발의, 나이든; 오래된, 진부한"
Cement ,"시멘트로 결합시키다, 접합시키다"
Malodorous,악취가 나는
Pretentious,"허세부리는, 과시하는"
Odious,"몹시 불쾌한,혐오스런"
Numb,마비된; 마비시키다
Infinitesimal,"극소의 , 매우 작은"
Defeasible,"무효화할 수 있는, 파기할 수 있는"
Platitude,"진부한 말, 진부함"
Obdurate,고집 센
Amalgamate,"혼합시키다,융합시키다"
Daft,"어리석은, 미친"
Liberality,"후함, 관대함"
Froward,"다루기 힘든, 완고한"
Deficiency,부족; 결점
Lugubrious,"침울한, 슬픈"
Surmount,극복하다
Subjugate,"굴복시키다, 지배하다"
Smolder,연기만 내면서 서서히 타다; (감정) 속에 맺히다; (눈 등이) (감정을) 나타내다
Consensus,"합의, 동의"
Stultify,"활력을 없애다, 바보로 만들다; 무효로 하다"
Pallid,(얼굴) 창백한
Wince,"(고통,두려움)찡그리다,움츠리다"
Phantom,유령(같은)
Groundless,근거 없는
Denouement,대단원
Malaise,"초조, 불안, 불편, 불쾌"
Unrepentant,"후회하지 않는, 회개하지 않는"
Calcify,"석회화하다, 굳어지다"
Din,소음
Featureless,뚜렷한 특징이 없는
Spectrum,빛의 분산; 스펙트럼
Gargoyle,"사람,동물의 형상을 한 괴물의 조각"
Apocryphal,"저작자가 의심스런,가짜의"
Unintelligible,이해할 수 없는
Lofty,숭고한
Mislead,"속이다, 오도하다"
Penetrate,"관통하다, 꿰뚫다; (사실, 진리) 간파하다, 통찰하다, 이해하다"
Spontaneous,사전계획 없이 행해진; 충동/즉흥/자발적으로 움직이는
Rostrum,"연단, 강단, 설교단"
Candid,솔직한
Elusive,"(이해, 정의) 힘든, 피하는, 잡히지 않는"
Overture,"(오페라,오라트리오)서곡"
Precipitous,"벼랑 같은, 급경사의, 황급한, 허둥대는"
Brute,"짐승 같은 사람, 망나니"
Fanatic,열성적인
Irrelevant,관련 없는
Nervy,"건방진,뻔뻔스런"
Infiltrate,잠입하다
Impacted,"(쇄기처럼)박힌, 꽉 끼인"
Fragrant,향기로운
Merited,"(상,벌,주목)받을 자격이 있는"
Berate,호되게 꾸짖다
Flit,"경쾌하게 움직이다, 빨리 지나가다"
Rescission,"철회, 취소"
Squeamish,비위가 약한
Intimate,"넌지시 알려주다, 암시하다"
Heartsick,상심한
Disinclined,"하기 싫은, 내키지 않는"
Rue,"뉘우치다,후회하다, 유감으로 여기다"
Splurge,(돈) 펑펑 쓰기; (돈) 펑펑 쓰다
Lessen,"줄이다, 줄어들다"
Adherent,"지지자,추종자"
Knotty,매듭으로 가득한; 풀기 어려운
Unsubstantial,"현실적이지 않은, 실체가 없는; 허약한"
Placate,달래다
Deplore,비난하다; 개탄하다
Scrutiny,정밀조사
Immemorial,"옛날의, 태곳적의"
Vigilant,"경계하는, 방심하지 않는"
Tacit,암묵적인
Execrable,"혐오스러운, 형편없는"
Seraphic,"천사의, 천사 같은"
Adapted,적절히 변경된
Downplay,"얕보다, 중시하지 않다"
Sidereal,"별의, 항성의"
Distend,부풀게 하다
Grudge,원한
Charitable,"자선을 베푸는, 관대한"
Undermine,약화시키다
Malicious,"악의(적의)있는, 심술궂은"
Crutch,목발
Cede ,"포기하다, 양도하다, 할양하다"
Carnal,육체적인
Airproof,공기가 통하지 않는
Tedious,"지루한, 재미없는"
Befriend,친구가 되다
Hillock,작은 언덕
Elegy,"애시,애가"
Obfuscate,"애매하게 하다,어리둥절하게 하다"
Abet,부추기다
Mask,"가면;숨기다, 가리다"
Integrity,"정직, 청렴; 흠없는 상태, 보전"
Provident,미래를 대비하여 신중한; 검소한
Fecund,"비옥한, 생산력이 있는, 풍성한"
Dust Jacket,책의 겉덮개
Evince,"분명히 나타내다, 명시하다"
Relaxation,긴장의 이완;몸과 마음의 재충전;느슨해지기
Infrangible," 부서지지 않는; 위반해서는 안되는, 불가침의"
Locomotive,기관차
Proximate,"(관계, 원인, 장소, 시간) 가장 가까운; 근사값의"
"Tendencious Or
 Tendentious",편향적인
Burlesque,풍자극
Sap,쇠약하게 만들다
Nocturnal,"밤의,야행성의"
Tripod,(카메라)삼각대
Disparage,"깎아내리다, 깔보다, 비난하다"
Blush,(당황하여)얼굴을 붉히다
Diabolic,악마 같은
Bilious,"극도로 불쾌한, 성미 까다로운"
Marshy,질퍽한;습지의
Fixed,"고정된; 견고한, 확고한"
Recapitulate,요약하다
Disaffect,정떨어지게 하다; 불만을 품게 하다
Enrich,부유하게 만들다; 향상시키다
Abstruse,"난해한,심오한"
Iridescent,무지개 빛깔의
Sycophant,아첨꾼
Bulge,"돌출, 불룩함"
Inedible,먹을 수 없는
Timeless,영원한
Budge,살짝 움직이다; 의견을 바꾸다
Fervor,"열성, 열렬"
Demote,강등시키다
Central,"중심의, 중요한, 필수의"
Blurt,"(말을)불쑥 내뱉다, 무심코 말하다"
Pinion,"손발을 묶다,구속/속박하다"
Penchant,"강한 기호,경향,좋아함"
Layover,(여행) 일시 중단; 도중하차
Underhanded,"정당하지 못한, 은밀한, 불공정한"
Meek,"온순한, 유순한"
Agape,(입) 벌어진
Obsolescence,"쇠퇴함,퇴행"
Categorical,절대적인
Flippant,"경박한, 성의 없는, 무례한"
Flaccid,축늘어진; 무기력한
Stasis,"정지상태, 균형상태"
Still,"움직임, 소리가 없는"
Malign,(악의적으로)비난하다
Atrophy,"신체 구성조직의 퇴화;약화,감소"
Torrid,매우 더운; 열정적인
Thrive,"번성하다, 무성하게 자라다"
Appraise,"감정하다, 가치를 평가하다"
Abrade,마모시키다
Definitive,명확한; 최종적인; 결론적인; 권위 있고 완전한
Timeworn,너무 오래 입어서 해어진; 너무 많이 써먹은; 진부한
Perturb,"마음을 불안하고 초조하게 만들다,동요시키다"
Odium,"증오,미움;비난,악평"
Hypnotic,"최면에 걸리게 하는, 잠이 오게 하는"
Grave,"엄숙한, 진지한"
Congruence,"적합, 일치, 합동"
Lariat,"(가축을 말뚝에 매는) 밧줄, 올가미"
Glut,"과도,과다"
Preoccupation,"몰두, 열중"
Earmark,"(자금, 물건 등을)특정용도로 지정하다, 책정하다"
Discommode,폐를 끼치다
Inflexible,마음을 바꾸지 않는; 융통성이 없는; 휘지않는
Gripe,(사소한 일에) 불평하다
Laggard,"꾸물거리는, 처지는; 게으름뱅이"
Tong,"집게,집게로 잡다"
Balk,"주저하다,갑자기 서서 나아가지 않다;방해하다,막다,좌절시키다"
Vanquish,"정복하다, 항복시키다"
Reactant,반응하는 물질
Clout,"영향력, 힘"
Tailor,재단사
Aerate,통풍시키다
Vindictive,"복수심이 불타는, 앙심을 품은"
Unequivocal,"애매하지 않은, 명확한"
Tumultuous,요동하는
Allocate,"할당하다, 혼합하다"
Squabble,사소한 말다툼
Reconstitute,물을 부어 원래의 상태로 회복시키다
Busybody,"참견쟁이, 오지랍넓은 사람"
Synopsis,"요약, 개요"
Husband,"아껴 쓰다, 절약하다"
Taunt,"자극하다,조롱하다"
Coterie,배타적인 (같은 취미를 가진)집단
Nullify,무효화하다
Slant,"기울다, 기울어지게 하다; 왜곡하다, 편향된 시각을 보여주다"
Ripen,"익다, 숙성하다, 익히다, 숙성시키다"
Inimical,"해로운, 적대적인"
Flagging,"(힘, 권한, 결심) 약해지는; 축 늘어지는"
Augment,증가/증대시키다;증가하다
Flout,"경멸하다, 비웃다, 멸시하다"
Meld,(골고루) 잘 섞다
Enigmatic,난해한
Heresy,이단
Defy,"(공공연하게) 저항/도전하다, 불복종하다"
Idiosyncrasy,특유의 성질
Ineradicable,제거되어질 수 없는
Cornucopia,풍부함(의 상징)
Query,질문하다
Ragged,(옷이) 낡고 헤진; (표면이) 울퉁불퉁한
Epic,"서사시; 서사시적인, 웅장한, 대규모의"
Slump,침체기에 빠지다
Officious,참견이 심한
Pry,사적인 문제를 지나치게 캐묻다
Obstacle,"방해물,장애물"
Ambrosial,"맛있는,향기로운"
Mire,"습지, 늪;곤경;(어려운 상황에)얽히게 하다"
Cogent,설득력 있는
Helter-Skelter,허둥지둥
Imply,암시하다
Focus,중심으로 모이다
Quagmire,"진흙탕; 어렵고 복잡한 상황, 궁지, 수렁"
Fundamental,근본적인; 매우중요한
Pariah,"사회적으로 경멸 받고 따돌림 당하는 사람,추방자"
Visceral,"내장의; 감정적인; 세련되지 않은, 거친"
Pell-Mell,"뒤죽박죽,황급한"
Truss,"형구, 지붕 틀"
Languid,"늘어진, 나른한, 기력 없는"
Acrid,"(냄새와 맛)매운,신;(말,어조) 신랄한"
Antithetical ,"대조법의,정반대의"
Console,위로하다
Vicissitude,"(인생, 운명) 변천, 부침, 변하기 쉬움"
Acclaim,칭송하다; 환호를 보내다
Nonentity,있으나 마나한 인간(사물)
Vise,바이스로 힘껏 죄다
Insubstantial,"허약한, 튼튼하지 않은"
Earthly,"세속적인, 지상의"
Discomfit,당황하게 하다
Pugnacious,호전적인
Unseat,"(말, 오토바이에서) 떨어지게 하다; (직위, 권좌에서) 물러나게 하다"
Sangfroid,"침착, 냉정"
Enmity,적대감
Freeze,동결하다
Incredible,믿을 수 없는
Motley,"잡동사니의,잡색의"
Oblivious,"알아채지 못한,염두에 없는,망각한"
Vagrant,"방랑하는 사람, 부랑자; 방랑하는, 정처없는; (생각) 변덕스런, 불안정한"
Demoralize,사기를 꺾다
Reptile,파충류
Pelf,"돈,부유함"
Submerge,"물에 푹 빠뜨리다, 잠수시키다"
Undaunted,"풀 죽지 않은, 기세가 꺾이지 않은, 대담한"
Eccentric,"별난, 엉뚱한"
Paralyze,마비[활동 못하게]시키다
Droll,"까부는, 우스꽝스런"
Negligible,하찮은
Sequential,순차적인
Puny,작고 약한
Deluge,"큰물, 대홍수"
Noisome,"불쾌한,해로운,악취가 나는"
Coy,"부끄러운척하는, 조신한척하는, 수줍어하는"
Intransient,"금방 사라지지 않는, 영구적인"
Painstaking,"애쓰는,수고를 아끼지 않는,면밀한,철저한"
Stringent,"엄격한, 엄한"
Grandiose,"(겉모습, 외양) 웅장한, 장엄한; (계획) 의욕이 지나친"
Aimless,목적 없이 노력하지 않는
Retort,"(말)(빠르고 재치 있게, 신랄하게)되받아 치다, 응수하다"
Dose,일회복용량
Ambivalent,상반된 마음이나 생각을 동시에 가진;마음이 오락가락하는
Sham,"가짜의, 모조의; 모조품, 가짜"
Portrait,초상화
Gruesome,"소름 끼치는, 오싹하는"
Clandestine,"비밀의, 은밀한"
Bristle,"분연하게 성내다, 성나서 털이 쭈볏 서다"
Permute,"변경하다,순서를 바꾸다"
Square,제대로 정돈된
Aversion,혐오감
Tacky,"촌스런, 패션감각이 떨어지는; 끈끈한"
Abacus,주판
Tirade,"장광설, 신랄한 공격"
Heroic,"영웅적인, 용감한"
Resonant,"낭랑하게 울리는, 공명하는"
Embrace,"포용하다, (생각, 의견)채택하다"
Knack,"요령, 비결"
Trademark,등록상표(상품제조사의 상징)
Wax,"커지다,강해지다"
Refulgent,"밝게 빛나는, 환희 빛나는"
Dodder,"(나이 들어서)비틀거리다, 비틀거리며 걷다"
Frail,"약한, 깨지기 쉬운"
Vouch,"(신뢰성을)보증하다, 보장하다"
Palpitate,(심장)빠르게 뛰다
Slight,"사소한, 대수롭지 않은; 무시하다, 경시하다"
Forthcoming,"다가오는, 임박한; 솔직한"
Envy,"부러워하다, 탐내다"
Disavow,"부인하다, 거부하다, 의절하다"
Churl,"무례한 사람, 구두쇠"
Minutia,작고 사소한 세부사항
Tolerant,"자신과 다른 의견이나 행동양식을 인정해 주는;관대한,인내해주는"
Jubilant,"환희에 가득 찬, 매우 기뻐하는"
Ruse,"계략,음모, 책략"
Dash,"돌진하다; 활기, 원기"
Vitiate,"손상시키다, 망치다, 무효화하다"
Redolent,향기로운
Disingenuous,"솔직하지 않은, 부정직한"
Exonerate,"용서하다, 면제하다"
Impracticable,실행 불가능한
Stature,"키, 신장; 지위"
Perspicacious,"통찰력 있는,명민한"
Censure,비난하다
Consummate,"(기술,실력) 완전한, 완벽한"
Daunt,위협하다
Divulge,"누설하다, 폭로하다"
Swath,"넓은 지역, 널은 길"
Bark,나무껍질
Palatial,궁전같이 웅장하고 멋진
Readership,독자층
Unfriended,친구가 없는
Outmoded,구식의
Indiscrimination,무분별한 행동; 무차별
Infirmary,양호실
Tribute,"감사, 존경, 찬양의 표시"
Latitude,"(행동, 사항, 견해) 자유, 허용 정도"
Adversary,"적,원수"
Submissive,"순종하는, 순응하는"
Conundrum,"난제, 수수께끼"
Therapeutic,치유하는
Absolve,"(비난,유죄성,책임에서) 벗어나게 해주다"
Chuckle,"킬킬 웃다, 소리 없이 웃다"
Perceive,"인식하다,이해하다"
Copious,"풍부한, 많은"
Sinewy,"힘찬, 활발한, 건장한"
Sophisticated,"세련된; 순진하지 않은, 세상 물정에 익숙한; 정교한"
Turbulent,무질서하고 혼란스러운
Oscillate,"진동하다,주저하다,흔들리다"
Doctrine,"정설, 원칙"
Longevity,"장수, 오래 지속됨"
Irradiance,복사 조도; 발광
Disillusion,몽상이나 잘못된 믿음에서 깨어나게 하다
Sly,"교활한, 간사한, 음흉한"
Sapient,"슬기로운, 지혜로운"
Aphid,진딧물
Imbue,(생각)주입시키다; 스며들게 하다; (색깔)물들이다
Frequent,자주 들르다
Audacious,"대담한,호기로운,무모한"
Premeditated,"미리 생각한, 계획된"
Gouge,(지나친 가격으로)금전을 갈취하다
Enervate,약화시키다
Rife,"가득한, 퍼져있는, 유행하는"
Archaic,"고대의,고풍스러운,구식의"
Aridness,건조함
Dwindle,점차 줄어들다
Iconoclast,성상파괴자; 인습타파론자
Atrocious,"극악무도한,아주 나쁜,매우 잔인한"
Advent,"출현,도래"
Deteriorate,"악화시키다, 손상시키다"
Lubricate,"기름칠하다, 매끄럽게 하다, 원활하게 하다"
Self-Effacing,"삼가는, 겸손한, 과시하지 않는"
Articulate,말을 유창하고 조리 있게 하는
Liken,"비유하다, 비견하다"
Ream,"연(종이의 거래단위), 종이체적단위"
Extol,극찬하다
Speculative,추측에 의한
Exultant,뛸 뜻이 기뻐하는
Humility,겸손함
Hard-Boiled,"현실적인, 실제적인, 무정한, 감상적이지 않은, 비정한"
Plethora,"초과, 과다"
Timorous,"겁먹은, 소심한, 자신감이 없는"
Regularity,"정상성, 항상성"
Levity,"경솔함, 변덕, 경박함"
Eatable,(음식)먹을 수 있는
Seemly,"예절을 지키는, (행동) 적절한"
Abstract,"요약하다,주의를 딴 곳으로 돌리다 ,(설명이) 구체적이지 않은,난해한"
Convulsion,"경련, 경기"
Wanting,부족한
Revisionist,수정주의자
Complement,"보완하다, 보충"
Thorny,"가시가 많은; 어려운, 곤란한"
Conspire,공모하다
Sobriety,"근엄, 엄숙, (색깔) 어두움"
Signal,"현저한, 주목할만한; 훌륭한, 탁월한"
Generator,발전기
Wordsmith,(말에 능숙한)문장가
Respite,짧은 휴식
Topple,"앞으로 꼬꾸라지다, 비틀거리다, 몰락시키다"
Mellifluous,"(소리, 말)감미로운"
Pantry,"(식료품,식기) 보관실"
Immortalize,"불멸로 만들다, 불후의 명성을 주다"
Diaphanous,"(천이) 얇은, 비치는; (생각) 확실하지 않은, (가능성) 희박한"
Paucity,"소량,결핍,부족"
Grouch,"불평꾼,짜증 잘내는 사람"
Fretwork,실톱세공
Hydrogen,수소
Fealty,(영주에 대한) 충성
Quarry,채석장; 채굴하다; 오랜 탐구를 통해 찾아내다
Bale,"재앙;불운,고통,불행"
Vilify,"비방, 중상하다"
Manumit,해방(석방)하다
Stain,얼룩; 더럽히다 
Stray,(있어야할 곳을 벗어나)헤매다
Kudos,"영광, 명성; 찬양"
Ineffaceable,"지워질 수 없는, 잊을 수 없는"
Approachable,"친근한,말걸기쉬운"
Tantrum,"역정, 울화"
Glance,흘긋 보기; 흘긋 보다
Rive,"찢다, 찢어발기다"
Noncommittal,"분명한 의견을 표명하지 않은,애매한,확실하지 않은"
Intensify,심화시키다; 강화시키다
Beleaguer,괴롭히다; 포위 공격하다
Torpor,무기력
Drain,"서서히 배출하다, 물기 없애다"
Fraternize,"사귀다, 친해지다, 형제처럼 지내다"
Demography,"인구학, 인구구성"
Encumber,"짐 지우다;막다, 방해하다"
Laconic,"간결한, 과묵한, 무뚝뚝한"
Vaporous,"증기의; 실직적이지 않은, 공허한, 가벼운; 신뢰할 수 없는, 자주 변하는"
Promulgate,"공표하다, 선전하다"
Unexceptionable,반대의 여지가 없는
Burly,"건강한, 튼튼한"
Indemonstrable,증명할 수 없는
Hairbreadth,털끝만한 간격
Dapper,말끔한
Vituperate,"(독설로)모욕하다, 헐뜯다, 악담을 퍼붓다"
Chauvinism,"맹목적인 애국심, 충성심"
Sop,달래려고 준 것; 뇌물
Refractory,"고집불통의, 다루기 힘든"
Bellwether,"지도자, 선도자"
Cow,위협하다
Etymology,"어원, 어원 학"
Pluck,용기
Alloy,"합금하다,혼합하다"
Nonplus,"혼란스럽게 하다,놀라게 하다"
Embryonic,미발달의
Graft,"접목시키다, 접붙이다"
Ditch,"수로, 도랑, 배수구"
Trammel,"얽히게 하다, 방해하다, 막다"
Dart,돌진하다
Stimulant,"자극제, 흥분제"
Obvious,명백한
Peeve,화나게 하다
Mundane,"평범한,흔한;세속적인"
Enchant,"황홀하게 하다, 매혹시키다"
Voluble,"유창한, 말 많은"
Damn,비난하다
Palatable,맛있는
Applaud,박수갈채를 보내다
Layperson,문외한
Rococo,"매우 화려한, 꾸밈이 많은"
Unfathomable,이해하기 힘든; 측정하기 힘든
Tangible,"만질 수 있는, 현실적인, 구체적인"
Hapless,운 없는
Rigid,"휘지 않는, 융통성 없는"
Inviolate,"신성한, 더럽혀지지 않은"
Clinch,"(못, 나사)고정시키다, 결말을 내다, 성사시키다"
Repulsive,"불쾌감을 주는, 역겨운"
Discern,"알아보다, 이해하다, 분별하다"
Consolidate,"굳건하게 하다, 합병하다"
Wilt,시들다
Slouch,구부정하게 서있다/걷다
Boondoggle,"속임수, (부질없는)시시한 일; 속이다, 부질업는 일에 시간을 낭비하다"
Hallow,"거룩히 여기다, 신성하게 하다"
Profound,심오한; (사람) 큰 지식과 통찰력이 있는
Impenetrable,"통과할 수 없는, 스며들 수 없는, 이해할 수 없는"
Anodyne,"진통제,진정제"
Brazen,"파렴치한, 철면피의"
Impartial,공정한
Largesse,후함
Fame,"유명, 유명세"
Scale,"천칭, 저울"
Leaven,"발효시키다, 부풀어 오르게 하다"
Seethe,(마음속이) 분노로 부글부글 끓다; 분노로 끓어오르는 상태
Skew,"비스듬한, 경사진, 비뚤어진"
Drawl,모음을 늘여서 천천히 말하다
Respectable,존경 받을 만한
Formidable,"겁먹게 하는, 위협적인, 경외감을 갖게 하는"
Embezzle,"횡령하다, 사취하다"
Coagulant,(혈액 등) 응고제
Auspicious,"길조의,유리한"
Riveting,"대단히 매력적인, 푹 빠지게 하는"
Annotate,주석(주해)를 달다
Answerable,"책임져야 하는,책임이 있는"
Indefatigable,지치지 않는
Adroit,"솜씨 좋은,능숙한"
Antic,"익살스러운,장난끼 있는"
Adumbrate,"어렴풋이 예시하다,희미한 모습을 그리다"
Flam,"거짓,허위,속임수,헛소리"
Squander,"탕진하다, 낭비하다"
Crust,빵 껍질
Penitent,"참회하는,뉘우치는,회개한"
Misdemean,나쁜 행동을 하다
Cramped,"답답한, 비좁고 갑갑한"
Attest,"증명하다,증언하다,입증하다"
Outlandish,"별난,기이한,희한한;이국적인"
Aviary,(큰)새장
Bombastic,허풍 떠는
Concord,"일치, 조화, 화합"
Bully,불량배; 약한 자를 괴롭히는 사람
Glee,큰 기쁨
Apathetic,"무감각한,무정한,무관심한"
Miscellaneous,갖가지 잡다한;잡동사니의
Legerdemain,"요술, 마술; 날랜 손재주; 속임수"
Celebrity,"유명세, 유명인"
Zealot,"광신도,열광자"
Mar,"망치다, 손상하다"
Dandy,지나치게 멋 부리는 남자
Charismatic,카리스마 있는
Misconstruction,곡해;오해
Pedantic,"현학적인;규정,작은 것에 너무 매달리는"
Circumvent,피하다
Persimmon,감(오렌지색 과일)
Truculent,"싸우기 좋아하는, 호전적인, 공격적인"
Larval,"유충의, 유충단계에 있는; 미성숙한"
Plagiarism,표절
Unplumbed,(깊이 등이) 완전히 측정되지 않은
Hidebound,"완고한, 몹시 보수적인"
Soundproof,방음의
Concur,"동의하다, 동시에 발생하다"
Peripatetic,"순회하는,돌아다니는"
Emaciated,"쇠약해진, 수척한"
Creep,"살금살금 걷다, 기다; 기기"
Timid,"겁먹은, 소심함"
Cistern,물탱크
Toothsome,"맛있는, 매력적인"
Tainted,더럽혀진
Judicious,현명한
Interminable,끝없는
Nefarious,"사악한,범법의"
Zest,"기분 좋은 맛,자극,흥미,관심"
Salient,"돌출한, 눈에 띄는, 유명한"
Headlong,"무모한, 성급한"
Obscenity,"저속한 행동,말"
Saline,염분을 함유한;짠
Momentum,운동량
Bigot,"마음이 편협한 사람; 나와 생각, 종교, 사상 등이 다른 사람을 배척하는 사람"
Beacon,"등대, 봉홧불"
Enfranchise,투표권을 주다;자유롭게 해주다
Serration,톱니모양
Apocalyptic,"궁극적인,결정적인,매우 중요한;종말론적인 파괴를 예언하는, 끔찍한"
Soak,흠뻑적시다
Minatory,위협하는
Catholic,"(취향이)폭넓은, 보편적인"
Encoded,암호화된
Tractable,고분고분한
Cliché,진부한 표현
Heckle,괴롭히다
Injurious,"해로운; 비방하는, 모략하는"
Duly,"적절하게, 적당하게"
Digress,(주제에서) 벗어나다
Urbane,"세련된, 예의 바른"
Unmitigated,완화되지 않은
Squelch,억제하다
Energetic,활력 있는
Excerpt,"발췌, 초록, 인용구; 발췌하다,초록하다,인용하다"
Zeal,강한 열정
Lackluster,빛(광택)이 없는; 활기없는
Rip,"거칠게 찢다, 갈기갈기 찢다"
Ennui,권태
Serial,"연속극, (잡지)연재물"
Acoustic,"음향의,소리의,청각의"
Correlate,상관관계에 있다; 서로 연관시키다
Chaperone,사교계에 나오는 미혼 여성을 따라다니며 돌봐주는 부인
Pilfer,훔치다
Metamorphose,변형하다
Captivate,매료시키다
Eschew,피하다
Hedgerow,"생울타리, 담장"
Corporeal,"육체적인, 물질적인"
Rebuke,심하게 꾸짖다
Denunciate,공공연히 비난하다
Aside,여담
Menial,"하인의, 비천한"
Edit,편집하다
Barefaced,뻔뻔스런;숨김없는
Whet,날카롭게 하다;자극하다
Sturdy,튼튼한
Puddle,작은 웅덩이
Informality,"비공식성, 격식을 차리지 않음"
Subservient,"굴종하는, 비굴한; 부차적인, 부수적인"
Parity,"동등,동격,동량"
Radical,근본적인; 급진적인
Inert,"움직이지 않는, 활력 없는"
Serendipity,운수 좋은 뜻밖의 발견(물)
Munificent,돈을 후하게 쓰는
Prodigal,낭비하는
Psalm,"성가, 찬송가; (시편)시"
Masticate,씹다
Dauntless,겁 없는
Unprepossessing,"호감주지 못하는, 매력 없는"
Stylus,"첨 필, 철필"
Unruly,"규칙을 따르지 않는, 제어하기 어려운"
Plangent,(소리) 울려 퍼지는
Fur,"털가죽, 모피"
Sally,"반격,돌격(하다)"
Emanate,발산하다
Martial,호전적인
Awry,휘어진
Chary,조심하는; (금전관련) 신중한
Beneficence,"선행, 자비"
Despise,경멸하다
Snug,"편안한; 깔끔한, 말끔한"
Piquant,"자극적이고 맛있는;(분위기,태도) 자극적 이로 적극적인"
Nebulous,"흐린,구름 같은,뚜렷하지 않은"
Dulcet,(소리가)감미로운
Boast,자랑하다
Testimonial,추천서; 감사장
Mineshaft,탄광의 갱도
Prosecution,기소
Warrant,정식으로 인가하다;정당화하다
Jejune,"순진한, 피상적인; 재미없는"
Bevy,"무리, 떼"
Encyclopedic,"포괄적인, 백과사전식인, 해박한"
Nice,"철저한,꼼꼼한,정확한"
Paranoid,"편집증의, 지나치게 남을 의심하는"
Meet,적절한
Remorseless,"(행동) 가혹한, 무자비한, 뉘우치지않는 "
Determinative,결정적인
Abstain,"(음식,음주) 감가다, 절제하다"
Fantastic,비현실적인
Measly,(양)아주 조금인
Debilitate,쇠약하게 만들다
Qualify,"(예외를 두어서) 제한하다, 한정하다"
Extend,"확장하다, (범위, 정도) 넓히다"
Umbrage,"불쾌감, 화"
Dab,가볍게 살짝 바르다
Pristine,"원래 그대로의, 오염되지 않은, 깨끗한"
Tine,(포크의)날카로운 갈래
Manifest,"뚜렷한, 명백한"
Recidivism,상습적 범행
Ecumenical,"보편적인, 전반적인"
Profane,"불경스러운, 세속적인; 거룩하지 않은, 더러운"
Fallacy,"잘못된 생각, 그릇된 논리, 궤변"
Capricious,변덕스러운
Incredulous,잘 안 믿는
Illicit,불법적인
Wrinkle,주름
Blatant,"뻔한, 몹시떠들석한; 야단법석의"
Extenuate,"(죄, 과실) 경감시키다, 가볍게 하다; 야위게 하다"
Vulture,(비열하게 남을 착취하는)탐욕스런 사람
Doggerel,엉터리 시
Spasmodic,"발작의; 간헐적으로 발생하는, 단속적으로 발생하는"
Ruminant Or Ruminative,"반추하는, 생각에 잠긴"
Slink,"조용히, 은밀하게 움직이다"
Ford,"(강) 얖은 곳, 여울"
Larder,식료품 저장실
Amity,"우호, 우정, 친목"
Unaccountable,설명되지 않는
Grill,엄중히 심문하다; 취조하다
Squash,"진압하다, 억압하다"
Mordant,신랄한
Teem,가득하다
Acme,최정상
Blueprint,청사진
Renown,명성
Shrug,"(무관심, 의문, 불쾌의 표시) 양 어깨를 으쓱하다"
Repose,휴식
Acumen,"명민,판단력,분별력"
Ephemeral,"일시적인, 덧없는"
Lambaste,심하게 비난하다
Proselytize,개종시키다; 개종하다
Formulaic,"도식적인, 공식에만 따른"
Baroque,"지나치게 장식적은,화려한"
Undeserved,"당연하지 않은, 정당하지 않은"
Apropos,"적절한,알맞은,시기 적절한"
Hoist,들어올리다
Diminution,"축소, 감소"
Maniac,광적으로 열중하는 사람
Define,"분명하게 묘사하다, 정의를 내리다"
Forlorn,"버림받은, 절망적인"
Fatuous,"어리석은, 바보 같은"
Genial,"친절하고 쾌활한, 상냥한"
Cheeky,"(사람, 언행) 건방진, 뻔뻔한"
Disembarrass,"(짐, 장애, 걱정 등에서) 해방하다"
Dour,"시무룩한, 음침한, 완고하고 침울해 보이는"
Panache,"당당한 태도,품격,기백,과시"
Resignation,"사퇴;체념, 포기, 단념"
Impede,"방해하다, 훼방 놓다"
Dally,"시간 낭비하다;가지고 놀다, 희롱하다"
Crest,닭볏:(산 파도 등의) 최정상
Ingratiate,환심을 사기 위해서 비위를 맞추다
Myopia,근시안
Telling,"효과적인, 의미 있는, 설득력 있는"
Secretive,"비밀의, 숨기려 하는"
Affidavit,진술서
Perennial,"지속적인,영구적인"
Lacerate,"찢다; 깊은 상처를 주다, 괴롭히다"
Limelight,주목을 받게 하다
Astringent,"수렴제;신랄한,(맛,냄새)신,떫은"
Dated,"구식의, 오래된"
Ruffle,(셔츠 끝단) 주름장식
Cameo,(유명배우)우정출연; (보석) 카메오조각(양각)
Prosaic,진부한; 산문형식의
Discretionary,재량껏 할 수 있는
Abbreviate,"(단어,문장,글의) 길이를 줄이다"
Vital,매우 중요한; 활기 넘치는
Impecunious,무일푼의
Dilatory,"행동이 느린, 늑장부리는"
Valediction,작별; 작별인사
Breezeway,(집과 차고 등을 연결하는) 지붕과 기둥만 있는 통로
Compunction,양심의 가책
Gravelly,"자갈 같은, 자갈소리가나는, 귀에 거슬리는"
Crouch,웅크리다
Rascal,"장난꾸러기, 악동; 비양심적이고 정직하지 못한 사람; 무뢰한, 건달, 깡패"
Fugitive,"덧없는, 금방사라지는"
Unsalvageable,구해낼 수 없는
Betray,"배신하다, 배반하다; 은연중에 드러내다"
Proscribe,법으로 금지하다
Vendor,"판매인, 행상인"
Mine,탄광;채굴하다
Hinder,방해하다 
Staid,"조용한, 진지한"
Paltry,"시시한,양이 적어서 하찮은"
Fissure,"(땅, 바위) 균열; 불화"
Rejoinder,"답변, 응답; (피고측) 답변"
Echelon,"위계질서;계층, 명령체계"
Superficial,"피상적인, 깊이가 없는"
Extrinsic,"비본질적인, 외래의, 외부의"
Perforate,구멍 뚫다
Mottle,"점,얼룩을 묻히다"
Friable,쉽게 부서지는
Pulchritude,아름다움
Relegate,강등시키다
Precipice,"절벽, 벼랑"
Subside,"내려앉다, 가라앉다"
Quotidian,"일상적인, 매일매일의, 평범한"
Gracile,늘씬한
Sawdust,톱밥
Pithy,"간결한;힘찬 명쾌한,뜻이 깊은"
Doze,선잠 들다
Align,"제휴하다,연합하다;일직선으로 맞추다;가지런히 두다"
Solvent,"지급 능력이 있는; 녹이는, 용해력있는"
Foul,"불쾌하고 역겨운; (날씨)사나운, 나쁜;(사람,언행)사악한,부도독한,저속한"
Ostracize,추방하다
Miscreant,범법자
Grapevine,"유언비어,낭설"
Inscrutable,"불가사의한, 난해한"
Condolence,"위로, 조의"
Verifiable,입증 가능한
Charlatan,"허풍선이, 돌팔이, 사기꾼"
Observant,"지각력이 예민한, 기민한"
Contort,"(몸이)휘다, 비틀어지다"
Somnolence,졸리움
Relinquish,"포기하다, 양보하다, 양도하다"
Grim,"엄격한,단호한,잔인한,무서운,섬뜩한,무시무시한"
Implement,이행하다
Repertoire,"연주종목일람, 총 상연곡목(작품)"
Tender,"제공하다, 입찰하다"
Detain,"붙들다, 지체시키다; 구류하다"
